obj,part,emb,d,n,schw_min,schw_max,twonn,fishers,hid_min,hid_max
lorenz,aco,cbow,10,1,3.59,3.86,3.72,6.63,3.77,3.82
lorenz,aco,cbow,10,2,3.93,4.37,3.16,6.44,3.29,3.62
lorenz,aco,cbow,15,1,3.79,3.95,3.91,7.68,3.93,4.07
lorenz,aco,cbow,15,2,4.07,4.59,3.34,8.09,3.52,3.74
lorenz,aco,cbow,30,1,3.9,4.09,4.01,7.85,3.94,4.29
lorenz,aco,cbow,30,2,4.11,4.68,3.4,7.9,3.61,3.65
lorenz,aco,cbow,5,1,3.66,3.98,3.74,4.01,3.75,3.77
lorenz,aco,cbow,5,2,4.21,4.99,3.22,3.99,3.52,3.79
lorenz,aco,svd,10,1,4.15,4.64,5.11,4.48,4.83,5.39
lorenz,aco,svd,10,2,5.19,6.49,6.46,7.21,6.36,6.39
lorenz,aco,svd,15,1,4.38,5.06,5.74,5.38,5.67,5.72
lorenz,aco,svd,15,2,5.67,6.84,6.89,8.27,6.58,7.38
lorenz,aco,svd,30,1,4.95,5.97,6.69,7.4,6.54,6.71
lorenz,aco,svd,30,2,6.61,8.21,8.06,10.73,7.82,8.34
lorenz,aco,svd,5,1,3.44,4.24,4.23,2.63,4.03,4.44
lorenz,aco,svd,5,2,4.44,6.01,5.66,4.34,5.34,5.78
lorenz,aco,truth,0,1,1.98,2.12,2.03,1.92,1.98,2.06
lorenz,aco,truth,0,2,2.54,2.7,2.35,1.91,2.41,2.56
lorenz,kmeans,cbow,10,1,3.22,3.39,3.71,6.76,3.83,3.85
lorenz,kmeans,cbow,10,2,3.87,4.24,3.47,6.54,3.43,4.08
lorenz,kmeans,cbow,15,1,3.26,3.41,3.9,7.28,3.79,4.34
lorenz,kmeans,cbow,15,2,4.03,4.16,3.74,6.98,3.71,4.46
lorenz,kmeans,cbow,30,1,3.29,3.51,3.91,7.62,3.89,4.2
lorenz,kmeans,cbow,30,2,4.1,4.36,3.91,7.28,4.15,4.35
lorenz,kmeans,cbow,5,1,3.51,3.64,3.91,4,3.85,3.98
lorenz,kmeans,cbow,5,2,4.31,4.82,3.4,3.99,3.51,3.86
lorenz,kmeans,svd,10,1,3.45,3.98,5.03,4.35,4.87,5.16
lorenz,kmeans,svd,10,2,4.65,5.38,5.87,6.52,5.53,5.89
lorenz,kmeans,svd,15,1,3.63,4.1,5.58,5.07,5.36,5.84
lorenz,kmeans,svd,15,2,4.86,5.51,6.33,7.48,5.96,6.14
lorenz,kmeans,svd,30,1,3.98,4.41,6.04,6.74,5.91,6.3
lorenz,kmeans,svd,30,2,5.48,6.16,6.75,9.64,6.46,6.57
lorenz,kmeans,svd,5,1,2.98,3.84,4.09,2.64,3.93,4.42
lorenz,kmeans,svd,5,2,4.17,5.31,5.46,4.35,4.84,5.68
lorenz,kmeans,truth,0,1,,,7.29,1.93,7.46,7.6
lorenz,kmeans,truth,0,2,,,4.88,1.93,4.35,4.43
lorenz,random,cbow,10,1,3.69,4.11,3.63,6.58,3.66,3.8
lorenz,random,cbow,10,2,3.93,4.39,3.08,6.41,3.45,3.47
lorenz,random,cbow,15,1,3.8,3.97,3.87,7.62,3.85,4.06
lorenz,random,cbow,15,2,4.02,4.53,3.21,8.06,3.26,3.57
lorenz,random,cbow,30,1,3.7,4.16,3.98,7.8,4.05,4.12
lorenz,random,cbow,30,2,4.04,4.56,3.38,8.66,3.5,3.81
lorenz,random,cbow,5,1,3.63,4.22,3.61,4.01,3.58,3.77
lorenz,random,cbow,5,2,4.11,4.85,3.12,4,3.46,3.67
lorenz,random,svd,10,1,3.88,4.54,5.39,4.46,5.34,5.38
lorenz,random,svd,10,2,5.36,6.53,6.48,7.27,6.07,6.14
lorenz,random,svd,15,1,4.32,4.98,5.89,5.38,5.82,5.89
lorenz,random,svd,15,2,5.94,6.96,6.89,8.33,6.34,6.78
lorenz,random,svd,30,1,4.75,5.58,6.92,7.48,6.55,7.29
lorenz,random,svd,30,2,7.33,8.29,8.19,10.85,7.21,8.23
lorenz,random,svd,5,1,3.22,3.95,4.3,2.64,4.15,4.4
lorenz,random,svd,5,2,4.67,6.19,5.87,4.41,5.13,6.28
lorenz,random,truth,0,1,2,2.14,2.02,1.93,1.92,2.09
lorenz,random,truth,0,2,2.56,2.68,2.35,1.92,2.4,2.47
sphere2,aco,cbow,10,1,3.9,4.22,4.66,7.79,4.57,4.86
sphere2,aco,cbow,10,2,4.2,4.92,4.06,6.92,4.31,4.37
sphere2,aco,cbow,15,1,3.48,3.97,4.92,8.1,4.92,4.98
sphere2,aco,cbow,15,2,4,4.26,4.17,7.68,4.23,4.55
sphere2,aco,cbow,30,1,3.35,3.66,5.07,8.16,5.04,5.14
sphere2,aco,cbow,30,2,3.92,4.11,4.14,8.1,4.27,4.36
sphere2,aco,cbow,5,1,3.8,4.14,4.08,4,4.04,4.2
sphere2,aco,cbow,5,2,5.43,5.85,4.6,3.99,4.92,5.14
sphere2,aco,svd,10,1,3,3.18,3.46,4.25,3.43,3.56
sphere2,aco,svd,10,2,3.87,4.15,3.35,3.55,3.34,3.71
sphere2,aco,svd,15,1,3.11,3.31,3.68,4.09,3.55,3.85
sphere2,aco,svd,15,2,3.95,4.21,3.5,4.04,3.61,3.77
sphere2,aco,svd,30,1,3.23,3.61,3.89,4.96,3.85,4.11
sphere2,aco,svd,30,2,4.17,4.38,3.71,4.87,3.88,4.02
sphere2,aco,svd,5,1,2.89,3.05,3.07,3.6,3,3.16
sphere2,aco,svd,5,2,3.78,4.02,3.27,3.52,3.3,3.5
sphere2,aco,truth,0,1,1.96,2.16,1.97,2.97,1.95,1.97
sphere2,aco,truth,0,2,2.82,2.88,2.72,2.96,2.81,3.03
sphere2,kmeans,cbow,10,1,3.83,4.21,5.82,7.28,5.84,6.09
sphere2,kmeans,cbow,10,2,4.13,4.4,4.55,7.07,4.72,4.84
sphere2,kmeans,cbow,15,1,,,6.19,8.09,6.2,6.55
sphere2,kmeans,cbow,15,2,3.76,4.11,4.58,7.38,4.83,4.84
sphere2,kmeans,cbow,30,1,3.14,3.47,6.39,8.13,6.54,6.75
sphere2,kmeans,cbow,30,2,3.62,4.01,4.69,7.76,4.56,4.66
sphere2,kmeans,cbow,5,1,3.88,4.15,4.23,4,4.15,4.31
sphere2,kmeans,cbow,5,2,5.34,5.71,5.09,3.99,5.1,5.33
sphere2,kmeans,svd,10,1,2.93,3.18,3.53,3.62,3.47,3.69
sphere2,kmeans,svd,10,2,3.93,4.12,3.58,3.6,3.67,3.98
sphere2,kmeans,svd,15,1,2.95,3.27,3.8,4.19,3.84,3.86
sphere2,kmeans,svd,15,2,3.94,4.13,3.72,4.15,3.86,4.06
sphere2,kmeans,svd,30,1,3.25,3.59,4.24,5.03,4.24,4.3
sphere2,kmeans,svd,30,2,4.08,4.28,3.89,4.97,4.17,4.26
sphere2,kmeans,svd,5,1,2.92,3.05,3.15,2.87,3.2,3.25
sphere2,kmeans,svd,5,2,3.78,3.94,3.39,2.86,3.38,3.9
sphere2,kmeans,truth,0,1,,,6.82,2.98,7.05,7.15
sphere2,kmeans,truth,0,2,,,4.4,2.97,4.22,4.68
sphere2,random,cbow,10,1,3.9,4.16,4.7,7.84,4.54,4.99
sphere2,random,cbow,10,2,4.33,5.02,4.07,6.97,4.07,4.61
sphere2,random,cbow,15,1,3.72,3.96,4.76,8.1,4.75,4.91
sphere2,random,cbow,15,2,4.04,4.34,4.05,7.67,4.33,4.35
sphere2,random,cbow,30,1,3.32,3.7,4.84,8.16,4.89,4.98
sphere2,random,cbow,30,2,3.88,4.04,4.13,8.09,4.4,4.42
sphere2,random,cbow,5,1,4.02,4.18,4.1,4,4.14,4.15
sphere2,random,cbow,5,2,5.11,5.67,4.56,3.99,4.96,4.97
sphere2,random,svd,10,1,3,3.21,3.31,4.25,3.22,3.5
sphere2,random,svd,10,2,3.87,4.08,3.38,3.55,3.42,3.57
sphere2,random,svd,15,1,3.05,3.29,3.56,4.14,3.41,3.81
sphere2,random,svd,15,2,3.95,4.18,3.51,4.1,3.41,3.82
sphere2,random,svd,30,1,3.3,3.64,4.15,4.99,4.15,4.25
sphere2,random,svd,30,2,4.19,4.32,3.69,4.91,3.81,3.88
sphere2,random,svd,5,1,2.73,3.05,2.99,3.66,2.94,3.08
sphere2,random,svd,5,2,3.73,3.93,3.23,2.92,3.23,3.31
sphere2,random,truth,0,1,1.95,2.12,2.01,2.97,1.97,2.06
sphere2,random,truth,0,2,2.8,2.86,2.65,2.96,2.82,3.02
sphere4,aco,cbow,10,1,5.72,6.01,7.48,6.82,7.44,7.55
sphere4,aco,cbow,10,2,7.04,7.74,6.53,6.64,6.58,7.4
sphere4,aco,cbow,15,1,6.05,6.46,7.95,7.62,7.86,8.18
sphere4,aco,cbow,15,2,7.09,7.74,6.51,9.38,7.07,7.27
sphere4,aco,cbow,30,1,6.18,6.81,8.32,8.5,8.2,8.61
sphere4,aco,cbow,30,2,7.68,8.14,6.62,9.85,7.12,7.28
sphere4,aco,cbow,5,1,4.12,4.32,4.09,3.99,4.03,4.16
sphere4,aco,cbow,5,2,6.29,6.61,6.01,3.98,6.12,6.15
sphere4,aco,svd,10,1,7.79,8.33,8.35,7.24,8.27,8.4
sphere4,aco,svd,10,2,9.03,9.75,7.11,12.51,7.44,7.47
sphere4,aco,svd,15,1,9.78,10.62,10.64,9.81,10.28,11.04
sphere4,aco,svd,15,2,9.69,10.36,7.43,14.49,7.74,8.27
sphere4,aco,svd,30,1,13.41,15.34,14.68,15.76,14.75,14.96
sphere4,aco,svd,30,2,,,7.91,17.52,8.22,8.76
sphere4,aco,svd,5,1,4.42,4.9,4.83,3.94,4.73,4.78
sphere4,aco,svd,5,2,6.95,7.37,6.17,7.76,6.18,6.31
sphere4,aco,truth,0,1,3.92,4.14,4.09,4.99,4.07,4.18
sphere4,aco,truth,0,2,6.03,6.58,5.51,4.98,5.6,5.69
sphere4,kmeans,cbow,10,1,7.2,7.2,9.43,6.86,9.4,9.59
sphere4,kmeans,cbow,10,2,7.02,7.32,6.6,6.69,6.96,7.29
sphere4,kmeans,cbow,15,1,,,10.23,7.78,10.33,10.37
sphere4,kmeans,cbow,15,2,7.26,7.58,6.63,7.37,7.18,7.3
sphere4,kmeans,cbow,30,1,,,10.9,8.91,10.77,11.46
sphere4,kmeans,cbow,30,2,7.47,7.9,6.79,9.5,7.14,7.38
sphere4,kmeans,cbow,5,1,3.98,4.14,3.84,4,3.84,3.94
sphere4,kmeans,cbow,5,2,6.07,6.36,6.1,3.99,6.23,6.27
sphere4,kmeans,svd,10,1,7.25,8.42,8.06,7.25,7.99,8.21
sphere4,kmeans,svd,10,2,9.02,9.69,7.26,12.75,7.58,7.67
sphere4,kmeans,svd,15,1,9.26,10.3,10.5,9.74,10.35,10.68
sphere4,kmeans,svd,15,2,9.8,10.3,7.47,14.72,7.99,8
sphere4,kmeans,svd,30,1,12.22,14.69,14.9,15.65,14.89,15.02
sphere4,kmeans,svd,30,2,,,8.08,18.03,8.35,8.45
sphere4,kmeans,svd,5,1,4.27,4.6,4.55,3.94,4.43,4.69
sphere4,kmeans,svd,5,2,6.82,7.28,6.1,7.77,6.13,6.45
sphere4,kmeans,truth,0,1,,,10.76,5.02,10.9,11.27
sphere4,kmeans,truth,0,2,6.39,6.81,6.43,4.99,6.6,6.65
sphere4,random,cbow,10,1,5.73,6.13,7.68,6.87,7.71,7.79
sphere4,random,cbow,10,2,7.15,7.71,6.36,6.7,6.45,6.92
sphere4,random,cbow,15,1,5.95,6.4,7.87,7.67,7.78,8.2
sphere4,random,cbow,15,2,7.31,7.85,6.5,8.07,6.68,6.79
sphere4,random,cbow,30,1,6.68,6.68,8.32,8.54,8.38,8.52
sphere4,random,cbow,30,2,7.42,8.03,6.57,10.68,7.08,7.1
sphere4,random,cbow,5,1,3.99,4.21,3.96,3.99,3.92,3.95
sphere4,random,cbow,5,2,6.26,6.57,5.95,3.99,5.77,6.11
sphere4,random,svd,10,1,7.56,8.71,8.3,7.3,8.05,8.35
sphere4,random,svd,10,2,8.84,9.63,7.29,12.61,7.95,8.03
sphere4,random,svd,15,1,9.85,11.19,10.78,9.84,10.69,11.13
sphere4,random,svd,15,2,9.42,10.13,7.58,14.6,8.38,8.39
sphere4,random,svd,30,1,12.87,15.79,15.11,15.61,14.95,15.82
sphere4,random,svd,30,2,,,8.07,17.71,8.44,8.7
sphere4,random,svd,5,1,4.53,4.97,4.75,3.95,4.81,4.88
sphere4,random,svd,5,2,7.02,7.38,6.51,7.76,6.46,6.69
sphere4,random,truth,0,1,3.87,4.11,3.92,5,3.92,3.94
sphere4,random,truth,0,2,5.85,6.44,5.41,4.98,5.64,5.72
sphere6,aco,cbow,10,1,8.1,8.45,9.14,7.75,9.11,9.36
sphere6,aco,cbow,10,2,9.86,10.3,9.03,13.54,9.29,9.54
sphere6,aco,cbow,15,1,7.83,8.76,9.8,9.17,9.81,9.91
sphere6,aco,cbow,15,2,10,10.76,8.85,13.72,9.04,9.1
sphere6,aco,cbow,30,1,8.61,9.59,10.72,10.84,10.61,11.1
sphere6,aco,cbow,30,2,9.87,11.45,9.04,13.8,9.47,9.53
sphere6,aco,cbow,5,1,3.93,4.25,4.04,4,3.8,4.22
sphere6,aco,cbow,5,2,6.91,7.25,6.67,7.92,6.91,7.07
sphere6,aco,svd,10,1,8.41,10.14,9.03,8.93,8.97,9.01
sphere6,aco,svd,10,2,11.92,13.5,10.18,14.06,10.37,11.33
sphere6,aco,svd,15,1,12.67,14.48,12.7,13.76,12.04,13.37
sphere6,aco,svd,15,2,14.01,14.94,10.6,16.78,11.47,12
sphere6,aco,svd,30,1,22.26,25.18,23.05,28.22,22.51,23.32
sphere6,aco,svd,30,2,,,10.56,23.55,10.98,11.47
sphere6,aco,svd,5,1,4.43,4.99,4.69,3.99,4.69,4.78
sphere6,aco,svd,5,2,7.4,7.93,7.33,7.95,6.89,7.92
sphere6,aco,truth,0,1,5.86,6.54,6.12,7.01,6.11,6.14
sphere6,aco,truth,0,2,8.86,9.53,8.2,12.89,8.49,8.56
sphere6,kmeans,cbow,10,1,9.33,10.42,12.21,7.8,12.17,12.52
sphere6,kmeans,cbow,10,2,9.94,10.36,8.89,13.55,9.15,9.56
sphere6,kmeans,cbow,15,1,9.52,10.76,12.91,9.42,12.87,13.32
sphere6,kmeans,cbow,15,2,10.13,10.68,9.11,14.08,9.43,10.01
sphere6,kmeans,cbow,30,1,10.76,12.32,13.91,11.08,13.95,14.13
sphere6,kmeans,cbow,30,2,10.45,11.32,9.1,13.88,9.85,10.17
sphere6,kmeans,cbow,5,1,3.96,4.38,3.92,4,3.92,3.96
sphere6,kmeans,cbow,5,2,7.01,7.27,6.81,7.9,6.6,7.27
sphere6,kmeans,svd,10,1,8.56,9.28,8.99,8.95,8.73,9.27
sphere6,kmeans,svd,10,2,11.87,12.75,10.33,14.69,10.37,11.02
sphere6,kmeans,svd,15,1,12.49,14.08,13.03,13.84,12.95,13.23
sphere6,kmeans,svd,15,2,14.02,15.33,10.58,17.94,11.77,12.04
sphere6,kmeans,svd,30,1,21.25,25.85,22.92,28.71,22.27,23.43
sphere6,kmeans,svd,30,2,,,10.77,23.1,10.9,11.7
sphere6,kmeans,svd,5,1,4.28,4.83,4.56,3.98,4.54,4.65
sphere6,kmeans,svd,5,2,7.31,7.86,7.22,7.94,7.1,7.34
sphere6,kmeans,truth,0,1,9.71,10.43,13.11,7.13,13.47,13.59
sphere6,kmeans,truth,0,2,9.32,9.86,8.9,13.3,8.87,9.45
sphere6,random,cbow,10,1,7.5,8.29,9.45,7.75,9.28,9.66
sphere6,random,cbow,10,2,9.61,10.41,8.58,13.53,8.74,9.2
sphere6,random,cbow,15,1,7.91,9.51,9.74,9.17,9.71,9.93
sphere6,random,cbow,15,2,9.95,10.7,9.03,14.04,9.09,9.12
sphere6,random,cbow,30,1,8.29,9.9,10.64,10.55,10.58,11.11
sphere6,random,cbow,30,2,10.07,10.97,8.93,13.76,9.3,9.38
sphere6,random,cbow,5,1,3.95,4.34,4.03,4,3.94,4.09
sphere6,random,cbow,5,2,6.79,7.14,6.72,7.92,6.71,6.86
sphere6,random,svd,10,1,9.1,9.79,9.23,8.92,9.3,9.31
sphere6,random,svd,10,2,12.09,12.9,10.28,14.6,10.31,10.64
sphere6,random,svd,15,1,11.74,13.46,12.75,13.75,12.52,12.93
sphere6,random,svd,15,2,14.48,15.38,10.63,18.02,10.53,12.66
sphere6,random,svd,30,1,20.67,25.12,22.54,28,21.5,23.16
sphere6,random,svd,30,2,,,10.81,23.75,10.62,11.57
sphere6,random,svd,5,1,4.45,4.88,4.65,3.99,4.53,4.8
sphere6,random,svd,5,2,7.46,7.94,7.27,7.94,6.87,7.54
sphere6,random,truth,0,1,5.66,6.15,5.86,7,5.79,5.8
sphere6,random,truth,0,2,8.88,9.58,7.96,12.87,8.43,8.51
sphere8,aco,cbow,10,1,9.2,10.46,10.99,9.6,10.72,11.43
sphere8,aco,cbow,10,2,12.22,12.84,10.44,16.4,10.84,10.97
sphere8,aco,cbow,15,1,9.87,11.3,11.69,9.59,11.72,11.86
sphere8,aco,cbow,15,2,12,13.39,10.77,16.56,10.92,11.71
sphere8,aco,cbow,30,1,10.41,11.92,12.81,9.59,12.5,13.13
sphere8,aco,cbow,30,2,12.54,13.55,10.87,16.14,11.3,11.79
sphere8,aco,cbow,5,1,4.06,4.22,4.2,4,4.05,4.25
sphere8,aco,cbow,5,2,7.24,7.86,7.13,7.94,6.87,7.63
sphere8,aco,svd,10,1,8.92,9.76,9.29,8.99,9.2,9.27
sphere8,aco,svd,10,2,13.03,14.04,11.86,15.07,11.8,13.49
sphere8,aco,svd,15,1,13.01,13.87,13.5,14.06,13.4,13.77
sphere8,aco,svd,15,2,15.93,17.62,12.21,18.6,11.46,15.67
sphere8,aco,svd,30,1,21.66,27.6,23.12,29.36,22.57,23.95
sphere8,aco,svd,30,2,,,11.37,24.17,11.29,13.43
sphere8,aco,svd,5,1,4.32,4.67,4.46,3.99,4.45,4.59
sphere8,aco,svd,5,2,7.43,8.44,7.58,7.96,7.07,7.86
sphere8,aco,truth,0,1,7.58,8.27,7.55,9.02,7.16,7.98
sphere8,aco,truth,0,2,11.33,12.4,10.48,15.24,10.3,10.88
sphere8,kmeans,cbow,10,1,11.14,12.48,14.01,9.9,13.48,14.66
sphere8,kmeans,cbow,10,2,12.39,13.17,10.72,16.73,11.38,12.59
sphere8,kmeans,cbow,15,1,12.67,12.97,14.78,9.88,14.57,15.18
sphere8,kmeans,cbow,15,2,12.77,13.8,10.93,16.95,11.22,11.97
sphere8,kmeans,cbow,30,1,11.63,14.23,15.82,9.88,15.55,16.46
sphere8,kmeans,cbow,30,2,12.73,13.8,10.83,16.95,11.85,12.86
sphere8,kmeans,cbow,5,1,4,4.18,3.98,4,3.93,4
sphere8,kmeans,cbow,5,2,7.19,7.91,7.07,7.95,7.02,7.2
sphere8,kmeans,svd,10,1,8.49,9.46,8.87,9.02,8.68,9.11
sphere8,kmeans,svd,10,2,12.71,14.93,11.93,15.26,11.99,12.02
sphere8,kmeans,svd,15,1,13.12,14.92,13.34,14.09,12.5,13.93
sphere8,kmeans,svd,15,2,15.66,17.1,12.33,18.64,11.64,15.27
sphere8,kmeans,svd,30,1,21.25,24.44,23.86,28.86,23.42,23.91
sphere8,kmeans,svd,30,2,,,11.49,24.25,11.13,13.35
sphere8,kmeans,svd,5,1,4,4.44,4.34,3.99,4.35,4.37
sphere8,kmeans,svd,5,2,7.67,8.2,7.53,7.96,7.46,7.68
sphere8,kmeans,truth,0,1,11.05,13.93,15.14,9.59,15.45,15.53
sphere8,kmeans,truth,0,2,12.34,13.47,10.78,16.92,11.13,11.33
sphere8,random,cbow,10,1,9.13,10.44,11,9.8,10.56,11.5
sphere8,random,cbow,10,2,11.93,12.81,10.7,15.93,10.9,11.4
sphere8,random,cbow,15,1,9.64,11.71,11.83,9.8,11.66,12.02
sphere8,random,cbow,15,2,12.24,13.33,10.55,16.74,10.86,11.16
sphere8,random,cbow,30,1,9.92,11.31,12.75,9.57,12.42,13.07
sphere8,random,cbow,30,2,12.76,13.74,10.71,15.99,10.98,11.23
sphere8,random,cbow,5,1,4.01,4.18,4.04,4,3.96,4.06
sphere8,random,cbow,5,2,7.02,7.86,7.11,7.94,7.03,7.41
sphere8,random,svd,10,1,8.88,10.03,8.94,8.97,8.82,9.17
sphere8,random,svd,10,2,13.19,15.77,11.78,15.05,11.87,12.49
sphere8,random,svd,15,1,13.96,16.19,12.99,13.97,12.83,13.07
sphere8,random,svd,15,2,15.98,18.57,12.55,18.55,10.69,16.56
sphere8,random,svd,30,1,23.86,26.59,23.36,28.62,22.9,23.6
sphere8,random,svd,30,2,,,11.39,23.93,10.22,13.98
sphere8,random,svd,5,1,4.37,4.69,4.58,3.99,4.64,4.65
sphere8,random,svd,5,2,7.66,8.73,7.48,7.95,7.1,7.61
sphere8,random,truth,0,1,7.32,8.05,7.76,9.02,7.68,7.82
sphere8,random,truth,0,2,11.84,12.48,10.43,16.18,10.45,10.55
torus10,aco,cbow,10,1,8.35,9.58,8.54,9.01,8.29,8.6
torus10,aco,cbow,10,2,13.2,14.23,12.14,15.41,11.85,12.97
torus10,aco,cbow,15,1,12.36,14.09,12.73,13.86,12.46,12.87
torus10,aco,cbow,15,2,16.29,17.83,13.47,20.06,13.6,14.16
torus10,aco,cbow,30,1,17.29,19.92,19.59,29.08,19.31,19.57
torus10,aco,cbow,30,2,,,12.46,27.4,13.01,13.94
torus10,aco,cbow,5,1,4.05,4.41,4.15,3.99,4.15,4.23
torus10,aco,cbow,5,2,7.26,7.76,7.34,7.97,6.96,7.31
torus10,aco,svd,10,1,9.01,10.1,9.24,8.97,9.13,9.28
torus10,aco,svd,10,2,13.84,14.79,12.09,15.74,12.02,13.16
torus10,aco,svd,15,1,12.75,15.05,13.29,14.06,13.14,13.33
torus10,aco,svd,15,2,16.24,17.36,12.68,18.74,12.49,14.77
torus10,aco,svd,30,1,21.88,24.28,22.58,28.46,21.73,23.31
torus10,aco,svd,30,2,,,11.7,25.14,10.75,13.72
torus10,aco,svd,5,1,4.26,4.61,4.48,3.99,4.44,4.51
torus10,aco,svd,5,2,7.78,8.32,7.61,7.96,7.48,7.96
torus10,aco,truth,0,1,11.87,13.71,11.83,16.25,11.6,11.8
torus10,aco,truth,0,2,16.12,17.62,13.19,22.77,13.54,14.35
torus10,kmeans,cbow,10,1,8.41,9.35,8.4,9.01,8.36,8.59
torus10,kmeans,cbow,10,2,13.22,14.02,12.08,15.6,12.2,12.37
torus10,kmeans,cbow,15,1,11.5,13.35,12.57,13.91,12.46,12.63
torus10,kmeans,cbow,15,2,16.49,18,13.29,19.93,13.59,13.97
torus10,kmeans,cbow,30,1,18.67,23.58,21.38,29.21,21.13,22.02
torus10,kmeans,cbow,30,2,,,12.34,27.76,13.07,13.87
torus10,kmeans,cbow,5,1,3.95,4.31,4.16,3.99,4.06,4.28
torus10,kmeans,cbow,5,2,7.43,8.83,7.53,7.97,6.99,7.65
torus10,kmeans,svd,10,1,8.61,9.68,9.15,9.01,8.99,9.37
torus10,kmeans,svd,10,2,14.15,15.2,12.11,15.21,11.55,13.08
torus10,kmeans,svd,15,1,12.26,13.77,12.96,14,12.34,13.44
torus10,kmeans,svd,15,2,17.34,17.76,12.9,18.26,11.69,16.23
torus10,kmeans,svd,30,1,20.43,25.15,23.13,29.24,22.72,23.42
torus10,kmeans,svd,30,2,,,11.92,24.68,11.86,13.67
torus10,kmeans,svd,5,1,4.23,4.66,4.34,3.99,4.39,4.4
torus10,kmeans,svd,5,2,8.06,8.83,7.53,7.97,7.52,7.59
torus10,kmeans,truth,0,1,16.86,21.65,19.9,22.05,19.61,20.85
torus10,kmeans,truth,0,2,,,12.88,24.73,13.63,14.31
torus10,random,cbow,10,1,8.28,9.57,8.85,8.95,8.83,8.84
torus10,random,cbow,10,2,13.44,14.7,12.23,15.61,12.3,12.5
torus10,random,cbow,15,1,11.39,13.26,12.42,13.89,12.1,12.71
torus10,random,cbow,15,2,16.12,17.64,13.19,19.7,13.37,14.66
torus10,random,cbow,30,1,16.88,20.23,18.73,28.21,18.05,19.36
torus10,random,cbow,30,2,,,13,26.78,13.4,14.1
torus10,random,cbow,5,1,3.98,4.39,4,3.99,3.92,4.07
torus10,random,cbow,5,2,7.58,8.11,7.48,7.95,7.19,7.69
torus10,random,svd,10,1,9.08,10.75,8.9,8.98,8.78,9.14
torus10,random,svd,10,2,14.19,16.29,12.75,15.36,12.43,13.18
torus10,random,svd,15,1,13.43,15.09,13.09,14.04,13.16,13.18
torus10,random,svd,15,2,17.56,17.96,13.01,18.36,13.31,15.03
torus10,random,svd,30,1,25.11,28.13,23.39,29.38,22.74,23.8
torus10,random,svd,30,2,,,11.9,25.34,12.03,14.14
torus10,random,svd,5,1,4.4,4.81,4.3,3.99,4.18,4.42
torus10,random,svd,5,2,7.86,9.34,7.37,7.97,7.04,7.36
torus10,random,truth,0,1,12.57,14.22,11.86,16.35,10.88,12.58
torus10,random,truth,0,2,16.79,18.14,13.81,22.48,14.17,14.78
torus2,aco,cbow,10,1,3.58,3.71,4.67,7.46,4.56,4.76
torus2,aco,cbow,10,2,4.2,4.68,3.99,6.64,4.11,4.35
torus2,aco,cbow,15,1,3.48,3.73,4.74,7.73,4.72,4.87
torus2,aco,cbow,15,2,4.15,4.42,4.23,6.93,4.41,4.51
torus2,aco,cbow,30,1,3.35,3.56,4.95,7.81,4.88,5.11
torus2,aco,cbow,30,2,4,4.18,4.13,7.83,4.33,4.39
torus2,aco,cbow,5,1,3.74,3.94,4.04,4.01,3.92,4.12
torus2,aco,cbow,5,2,4.93,5.49,4.25,4,4.61,4.65
torus2,aco,svd,10,1,3.44,3.83,4.21,4.68,4.26,4.34
torus2,aco,svd,10,2,4.3,4.61,3.86,3.9,4.09,4.13
torus2,aco,svd,15,1,3.58,4.14,4.77,4.5,4.78,4.92
torus2,aco,svd,15,2,4.54,4.75,4.07,4.41,4.23,4.48
torus2,aco,svd,30,1,3.91,4.67,5.48,5.55,5.32,5.96
torus2,aco,svd,30,2,4.82,5.07,4.36,5.35,4.6,4.8
torus2,aco,svd,5,1,3.16,3.43,3.55,4.21,3.55,3.7
torus2,aco,svd,5,2,3.99,4.35,3.62,3.38,3.67,3.82
torus2,aco,truth,0,1,2.01,2.1,1.99,3.45,1.82,2.12
torus2,aco,truth,0,2,2.91,3.02,2.79,3.43,2.74,3.32
torus2,kmeans,cbow,10,1,3.15,3.53,6.11,6.95,6.19,6.26
torus2,kmeans,cbow,10,2,3.74,4.15,4.46,6.73,4.23,4.59
torus2,kmeans,cbow,15,1,,,6.64,7.3,6.68,6.82
torus2,kmeans,cbow,15,2,3.56,3.94,4.57,7.05,4.6,4.69
torus2,kmeans,cbow,30,1,,,6.91,7.55,7.07,7.1
torus2,kmeans,cbow,30,2,3.49,3.93,4.55,7.31,4.39,4.62
torus2,kmeans,cbow,5,1,3.64,3.95,4.14,4,4.04,4.24
torus2,kmeans,cbow,5,2,4.95,5.28,4.89,3.99,4.92,5.11
torus2,kmeans,svd,10,1,3.38,3.76,4.46,3.97,4.43,4.59
torus2,kmeans,svd,10,2,4.26,4.47,4.17,3.93,4.37,4.43
torus2,kmeans,svd,15,1,3.55,3.99,4.85,4.52,4.98,4.99
torus2,kmeans,svd,15,2,4.32,4.61,4.43,4.44,4.57,4.69
torus2,kmeans,svd,30,1,3.85,4.34,5.53,5.57,5.51,5.86
torus2,kmeans,svd,30,2,4.57,4.85,4.69,5.41,4.8,4.94
torus2,kmeans,svd,5,1,3.14,3.43,3.66,3.41,3.64,3.77
torus2,kmeans,svd,5,2,4.12,4.3,3.87,3.39,3.93,4.29
torus2,kmeans,truth,0,1,1.89,1.9,7.55,3.45,7.74,7.95
torus2,kmeans,truth,0,2,3.38,3.43,4.36,3.44,4.22,4.31
torus2,random,cbow,10,1,3.61,3.81,4.62,7.42,4.51,4.71
torus2,random,cbow,10,2,4.11,4.76,4.04,6.6,4.22,4.51
torus2,random,cbow,15,1,3.49,3.75,4.87,7.75,4.8,4.9
torus2,random,cbow,15,2,4.09,4.48,4.1,6.94,4.32,4.43
torus2,random,cbow,30,1,3.37,3.65,5,7.82,4.95,5.05
torus2,random,cbow,30,2,4.07,4.19,4.11,7.83,4.27,4.59
torus2,random,cbow,5,1,3.75,3.96,3.98,4.01,3.87,4.05
torus2,random,cbow,5,2,5.06,5.8,4.37,4,4.63,4.78
torus2,random,svd,10,1,3.5,3.75,4.41,4.7,4.4,4.5
torus2,random,svd,10,2,4.22,4.6,3.93,3.93,4.06,4.09
torus2,random,svd,15,1,3.64,4.14,4.96,5.17,4.94,5.1
torus2,random,svd,15,2,4.46,4.83,4.11,4.44,4.15,4.37
torus2,random,svd,30,1,3.93,4.63,5.39,6.05,5.39,5.6
torus2,random,svd,30,2,4.72,5.11,4.27,5.64,4.44,4.61
torus2,random,svd,5,1,3.22,3.44,3.58,4.21,3.55,3.76
torus2,random,svd,5,2,3.95,4.3,3.66,3.39,3.67,3.94
torus2,random,truth,0,1,1.99,2.1,1.96,3.45,1.94,2
torus2,random,truth,0,2,2.88,2.95,2.82,3.44,3,3.03
torus4,aco,cbow,10,1,5.88,6.53,7.74,6.92,7.43,7.94
torus4,aco,cbow,10,2,7.36,7.98,6.61,10.01,6.7,7.03
torus4,aco,cbow,15,1,6.09,7.01,8.29,7.91,8.29,8.33
torus4,aco,cbow,15,2,7.44,8.02,6.65,10.75,6.85,7.42
torus4,aco,cbow,30,1,6.53,7.09,8.85,8.97,8.73,9.14
torus4,aco,cbow,30,2,7.67,8.28,6.97,10.64,7.25,7.47
torus4,aco,cbow,5,1,4.02,4.37,4.03,3.97,4.03,4.07
torus4,aco,cbow,5,2,6.48,7.07,6.1,5.89,6.25,6.35
torus4,aco,svd,10,1,7.85,8.97,8.8,8.36,8.34,9.33
torus4,aco,svd,10,2,10.03,10.85,8.15,13.26,8.75,9.23
torus4,aco,svd,15,1,10.39,12.05,11.93,11.8,11.57,12.29
torus4,aco,svd,15,2,11.22,11.42,8.46,15.3,9.04,9.41
torus4,aco,svd,30,1,14.85,18.38,17.57,19.34,17.51,17.86
torus4,aco,svd,30,2,,,8.86,19.66,8.78,9.46
torus4,aco,svd,5,1,4.48,5.22,4.79,3.96,4.72,4.91
torus4,aco,svd,5,2,7.47,8.19,7.05,7.84,7.28,7.39
torus4,aco,truth,0,1,4.2,4.44,4.08,6.42,4.02,4.08
torus4,aco,truth,0,2,6.38,7.14,5.81,6.4,5.79,5.97
torus4,kmeans,cbow,10,1,,,9.24,7,9.24,9.63
torus4,kmeans,cbow,10,2,7.6,7.96,6.92,6.87,7.07,7.29
torus4,kmeans,cbow,15,1,7.51,7.51,10.37,8.11,10.54,10.62
torus4,kmeans,cbow,15,2,7.62,7.98,6.85,8.37,7.24,7.28
torus4,kmeans,cbow,30,1,,,11,9.35,11,11.61
torus4,kmeans,cbow,30,2,7.82,8.28,7.04,9.87,7.43,7.46
torus4,kmeans,cbow,5,1,3.84,4.16,4.03,3.97,3.9,4.16
torus4,kmeans,cbow,5,2,6.32,6.68,6.32,3.95,6.25,6.56
torus4,kmeans,svd,10,1,8.11,9.55,8.86,8.37,8.78,8.99
torus4,kmeans,svd,10,2,10.22,11.05,8.06,13.84,8.56,8.63
torus4,kmeans,svd,15,1,10,12.08,11.84,11.75,11.83,12.06
torus4,kmeans,svd,15,2,11.07,11.67,8.25,15.43,8.4,9.43
torus4,kmeans,svd,30,1,13.84,18.89,17.58,19.55,17.54,17.57
torus4,kmeans,svd,30,2,,,8.69,19.45,8.66,8.81
torus4,kmeans,svd,5,1,4.15,4.66,4.47,3.97,4.45,4.5
torus4,kmeans,svd,5,2,7.23,7.7,6.9,7.85,6.59,7.11
torus4,kmeans,truth,0,1,,,10.75,6.43,11.07,11.1
torus4,kmeans,truth,0,2,6.91,7.12,6.81,6.45,6.93,7.07
torus4,random,cbow,10,1,5.87,6.35,7.63,6.8,7.59,7.74
torus4,random,cbow,10,2,7.31,7.89,6.45,10.57,6.67,6.8
torus4,random,cbow,15,1,5.94,6.5,8.12,7.92,8.17,8.18
torus4,random,cbow,15,2,7.6,8.15,6.77,10.81,6.96,7.22
torus4,random,cbow,30,1,,,8.5,9.05,8.42,8.79
torus4,random,cbow,30,2,7.73,8.22,6.89,10.59,7.44,7.73
torus4,random,cbow,5,1,3.78,4.32,3.97,3.97,3.89,4.06
torus4,random,cbow,5,2,6.32,6.88,6.28,5.9,6.36,6.48
torus4,random,svd,10,1,8.33,9.5,8.61,8.38,8.65,8.7
torus4,random,svd,10,2,10.12,10.78,7.83,13.13,8.24,8.64
torus4,random,svd,15,1,11.06,12.59,11.95,11.86,11.75,12.04
torus4,random,svd,15,2,,,8.02,15.78,8.67,9.21
torus4,random,svd,30,1,15.67,19.94,17.42,19.6,17.25,17.84
torus4,random,svd,30,2,,,8.74,19.03,8.91,9.04
torus4,random,svd,5,1,4.62,4.92,4.89,3.97,4.75,5.06
torus4,random,svd,5,2,7.45,7.82,7.03,7.86,6.81,7.37
torus4,random,truth,0,1,4.12,4.42,4.06,6.41,4.04,4.07
torus4,random,truth,0,2,6.46,7.15,5.79,6.41,6.13,6.2
torus6,aco,svd,10,1,8.37,10.85,8.93,8.97,8.67,9.05
torus6,aco,svd,10,2,12.57,14.05,11.67,14.93,11.65,12.6
torus6,aco,svd,15,1,12.05,13.38,12.84,13.99,12.73,13.11
torus6,aco,svd,5,1,4.17,4.76,4.73,3.99,4.62,4.85
torus6,aco,svd,5,2,7.75,8.51,7.35,7.95,7.21,7.62
torus6,aco,truth,0,1,6.35,6.86,6.46,9.42,6.39,6.41
torus6,aco,truth,0,2,10.68,11.86,9.13,15.84,8.9,9.96
torus6,kmeans,cbow,10,1,7.99,8.94,8.61,8.93,8.48,8.55
torus6,kmeans,cbow,10,2,11.11,11.97,9.83,15.24,10.18,10.46
torus6,kmeans,cbow,15,1,10.39,11.96,14.07,11.57,14.08,14.28
torus6,kmeans,cbow,15,2,11.44,12.81,9.68,17.24,9.84,10.59
torus6,kmeans,cbow,30,1,11.8,13.63,14.84,11.27,14.93,15.15
torus6,kmeans,cbow,30,2,11.97,12.92,9.87,17.99,10.39,10.7
torus6,kmeans,cbow,5,1,4.05,4.23,3.97,3.97,3.88,4.01
torus6,kmeans,cbow,5,2,7.21,7.83,6.98,7.9,6.9,7.15
torus6,kmeans,svd,10,1,8.72,9.49,9.09,9,8.94,9.2
torus6,kmeans,svd,10,2,13.42,15.55,11.64,15.05,10.98,12.88
torus6,kmeans,svd,15,1,11.84,14.95,13.03,13.96,12.53,13.76
torus6,kmeans,svd,15,2,15.86,16.51,12.11,18.4,11.56,14.59
torus6,kmeans,svd,30,1,21.98,24.39,22.99,29.26,22.02,23.77
torus6,kmeans,svd,30,2,,,11.24,23.73,11.16,13.02
torus6,kmeans,svd,5,1,4.01,4.64,4.34,3.99,4.32,4.36
torus6,kmeans,svd,5,2,7.5,8.49,7.32,7.94,7.43,7.54
torus6,kmeans,truth,0,1,9.98,12.08,13.92,10.96,14.06,14.41
torus6,kmeans,truth,0,2,11.24,12.35,9.83,17.91,10.29,10.97
torus6,random,cbow,10,1,7.85,9.12,8.5,8.72,8.53,8.63
torus6,random,cbow,10,2,10.68,12.61,9.74,15.55,9.52,9.96
torus6,random,cbow,15,1,8.85,10.13,10.72,10.68,10.69,10.73
torus6,random,cbow,15,2,11.4,12.5,9.77,17.1,9.67,10.32
torus6,random,cbow,30,1,8.99,9.84,11.49,10.69,11.37,11.61
torus6,random,cbow,30,2,11.8,12.66,9.78,17.16,10.28,10.74
torus6,random,cbow,5,1,4.02,4.35,4.05,3.98,3.94,4.21
torus6,random,cbow,5,2,7.19,7.76,7.13,7.88,6.89,7.13
torus6,random,svd,10,1,8.69,9.84,8.96,8.99,8.97,9.04
torus6,random,svd,10,2,13.78,14.59,11.71,15.08,11.94,12.4
torus6,random,svd,15,1,13.13,15.07,13.17,14.02,12.86,13.32
torus6,random,svd,15,2,16.21,16.98,11.86,18.46,12.92,13.02
torus6,random,svd,30,1,,,23.25,29.27,22.7,23.69
torus6,random,svd,30,2,,,11.19,23.74,11.39,12.36
torus6,random,svd,5,1,4.45,5.03,4.71,3.99,4.76,4.77
torus6,random,svd,5,2,7.47,9.02,7.44,7.95,7.41,7.55
torus6,random,truth,0,1,6.46,6.82,6.31,9.41,5.91,6.45
torus6,random,truth,0,2,10.39,11.65,9.41,16.03,9.57,10.27
torus8,aco,cbow,10,1,8.29,9.06,8.38,8.94,8.27,8.54
torus8,aco,cbow,10,2,12.74,13.55,11.74,15.68,11.71,12.71
torus8,aco,cbow,15,1,10.89,12.96,11.98,13.72,11.85,12.05
torus8,aco,cbow,15,2,15.27,15.99,12.16,19.68,13.25,13.53
torus8,aco,cbow,30,1,12.72,14.69,14.31,15.38,13.7,15
torus8,aco,cbow,30,2,15.71,16.19,12.27,20.55,13.13,13.38
torus8,aco,cbow,5,1,4.03,4.25,4.14,3.98,3.98,4.25
torus8,aco,cbow,5,2,7.41,8.11,7.21,7.91,6.95,7.12
torus8,aco,svd,10,1,8.65,10.1,9.11,9,8.96,9.04
torus8,aco,svd,10,2,13.95,16.2,12.12,15.18,11.61,13.11
torus8,aco,svd,15,1,12.61,15.29,13.76,14.07,13.63,13.81
torus8,aco,svd,15,2,16.91,18.28,12.8,18.66,13.62,14.05
torus8,aco,svd,30,1,20.51,23.28,23.01,28.74,22.32,23.49
torus8,aco,svd,30,2,,,11.72,24.19,11.74,13.45
torus8,aco,svd,5,1,4.24,4.7,4.62,3.99,4.48,4.79
torus8,aco,svd,5,2,7.94,9.09,7.62,7.97,6.96,7.78
torus8,aco,truth,0,1,9.26,10.02,8.73,12.6,8.34,8.93
torus8,aco,truth,0,2,14.73,15.75,12.09,19.54,11.74,13.44
torus8,kmeans,cbow,10,1,8.25,9.1,8.79,9.03,8.73,8.91
torus8,kmeans,cbow,10,2,12.78,13.87,11.82,15.5,11.8,11.92
torus8,kmeans,cbow,15,1,12.08,14.39,13.69,14.39,13.73,13.75
torus8,kmeans,cbow,15,2,14.86,16.5,11.95,20.02,12.67,13.42
torus8,kmeans,cbow,30,1,15.21,18.91,18.21,17.24,18.17,18.54
torus8,kmeans,cbow,30,2,14.64,16.32,11.98,21.52,12.18,13.52
torus8,kmeans,cbow,5,1,3.94,4.39,4.07,3.96,3.88,4.22
torus8,kmeans,cbow,5,2,7.45,7.99,7.21,7.85,6.96,7.47
torus8,kmeans,svd,10,1,9.31,10.13,9.2,8.99,8.95,9.54
torus8,kmeans,svd,10,2,13.11,14.46,12.09,15.22,12.68,12.95
torus8,kmeans,svd,15,1,12.57,14.08,13.14,14.05,12.82,13.4
torus8,kmeans,svd,15,2,15.68,16.48,12.88,19.03,13.86,13.91
torus8,kmeans,svd,30,1,20.71,23.96,22.59,29.02,22.42,22.65
torus8,kmeans,svd,30,2,,,11.94,24.52,12.08,14.18
torus8,kmeans,svd,5,1,4.41,4.75,4.39,3.99,4.42,4.43
torus8,kmeans,svd,5,2,7.53,8.43,7.29,7.97,6.99,7.46
torus8,kmeans,truth,0,1,13.57,16.62,17.22,16.85,17.28,17.57
torus8,kmeans,truth,0,2,15.37,16.69,12,21.36,12.32,13.57
torus8,random,cbow,10,1,8.23,9.05,8.6,8.96,8.52,8.66
torus8,random,cbow,10,2,12.74,13.5,11.89,15.49,11.64,12
torus8,random,cbow,15,1,10.83,12.35,12.5,13.79,12.26,12.74
torus8,random,cbow,15,2,14.88,16.1,12.3,19.8,12.71,13.55
torus8,random,cbow,30,1,13.13,15.61,14.49,15.39,14.32,14.77
torus8,random,cbow,30,2,15.11,16.38,12.23,20.66,13.05,13.71
torus8,random,cbow,5,1,4.07,4.51,4.06,3.99,3.95,4.19
torus8,random,cbow,5,2,7.23,7.56,7.18,7.95,7.07,7.79
torus8,random,svd,10,1,8.55,11.09,9.11,9.01,8.91,9.29
torus8,random,svd,10,2,13.69,15.31,12.24,14.91,12.45,13.56
torus8,random,svd,15,1,12.65,15.46,13.46,14.08,13.09,13.76
torus8,random,svd,15,2,16.37,18.72,13.21,18.85,13.18,14.03
torus8,random,svd,30,1,24.15,27.44,23.81,29.33,22.62,24.4
torus8,random,svd,30,2,,,11.65,25.2,10.67,14.4
torus8,random,svd,5,1,4.32,4.98,4.46,3.99,4.32,4.68
torus8,random,svd,5,2,7.78,8.91,7.49,7.97,7.41,7.69
torus8,random,truth,0,1,9.63,10.13,8.41,12.33,8.09,8.74
torus8,random,truth,0,2,14.66,15.71,12.34,19.59,12.27,13.52
