case,m,d,var,k,ng,tw,schw,hid,noise
cube2_walkdist,2.0,0,truth,1,words,2.0362236172760904,1.9115441865429337,2.043332946048979,
cube2_walkdist,2.0,0,truth,1,bigrams,3.624311757360466,3.9267413516182827,3.6985418036545603,
cube2_walkdist,2.0,15,single,1,words,5.5531713021328795,5.294789104259138,5.0698230595202505,1.967005655469539
cube2_walkdist,2.0,15,single,1,bigrams,7.193385525798703,9.013270055500296,7.409966913615864,1.967005655469539
cube2_walkdist,2.0,15,single,5,words,5.5531713021328795,5.294789104259138,5.0698230595202505,1.967005655469539
cube2_walkdist,2.0,15,single,5,bigrams,7.193385525798703,9.013270055500296,7.409966913615864,1.967005655469539
cube2_walkdist,2.0,15,single,20,words,5.5531713021328795,5.294789104259138,5.0698230595202505,1.967005655469539
cube2_walkdist,2.0,15,single,20,bigrams,7.193385525798703,9.013270055500296,7.409966913615864,1.967005655469539
cube2_walkdist,2.0,15,single,50,words,5.4800463783210525,5.326813857475075,5.107564351097788,1.967005655469539
cube2_walkdist,2.0,15,single,50,bigrams,7.2643666305840595,9.15318071679155,7.151859521260922,1.967005655469539
cube2_walkdist,2.0,15,mean,1,words,6.146326977588398,5.800994790068769,5.7946408611809,1.967005655469539
cube2_walkdist,2.0,15,mean,1,bigrams,7.7849209442215255,8.458809900702866,7.9211289286679225,1.967005655469539
cube2_walkdist,2.0,15,mean,5,words,6.146326977588398,5.800994790068769,5.7946408611809,1.967005655469539
cube2_walkdist,2.0,15,mean,5,bigrams,7.7849209442215255,8.458809900702866,7.9211289286679225,1.967005655469539
cube2_walkdist,2.0,15,mean,20,words,6.146326977588398,5.800994790068769,5.7946408611809,1.967005655469539
cube2_walkdist,2.0,15,mean,20,bigrams,7.7849209442215255,8.458809900702866,7.9211289286679225,1.967005655469539
cube2_walkdist,2.0,15,mean,50,words,6.105924777525908,6.357280696472145,5.746226070413135,1.967005655469539
cube2_walkdist,2.0,15,mean,50,bigrams,7.843583550875663,8.295720790317667,7.744975653521058,1.967005655469539
cube2_walkdist,2.0,30,single,1,words,6.387965811042722,6.081952330805361,6.179299370762683,1.450417744243098
cube2_walkdist,2.0,30,single,1,bigrams,8.779575624030606,11.108449028716675,9.026501512441381,1.450417744243098
cube2_walkdist,2.0,30,single,5,words,6.387965811042722,6.081952330805361,6.179299370762683,1.450417744243098
cube2_walkdist,2.0,30,single,5,bigrams,8.779575624030606,11.108449028716675,9.026501512441381,1.450417744243098
cube2_walkdist,2.0,30,single,20,words,6.387965811042722,6.081952330805361,6.179299370762683,1.450417744243098
cube2_walkdist,2.0,30,single,20,bigrams,8.779575624030606,11.108449028716675,9.026501512441381,1.450417744243098
cube2_walkdist,2.0,30,single,50,words,6.343701236546413,6.356913240420872,6.171231342228551,1.450417744243098
cube2_walkdist,2.0,30,single,50,bigrams,8.675507822082222,11.517186861017924,8.98408968881891,1.450417744243098
cube2_walkdist,2.0,30,mean,1,words,6.793404340941262,7.180538545338397,6.6114076596607525,1.450417744243098
cube2_walkdist,2.0,30,mean,1,bigrams,8.65167679518973,10.444323757319552,8.82471275144502,1.450417744243098
cube2_walkdist,2.0,30,mean,5,words,6.793404340941262,7.180538545338397,6.6114076596607525,1.450417744243098
cube2_walkdist,2.0,30,mean,5,bigrams,8.65167679518973,10.444323757319552,8.82471275144502,1.450417744243098
cube2_walkdist,2.0,30,mean,20,words,6.793404340941262,7.180538545338397,6.6114076596607525,1.450417744243098
cube2_walkdist,2.0,30,mean,20,bigrams,8.65167679518973,10.444323757319552,8.82471275144502,1.450417744243098
cube2_walkdist,2.0,30,mean,50,words,6.736385345836531,6.9569284979192565,6.547497325946763,1.450417744243098
cube2_walkdist,2.0,30,mean,50,bigrams,8.788631043686655,10.218009739451343,9.41941311008099,1.450417744243098
cube2_walkeps,2.0,0,truth,1,words,2.0370459512646537,1.9445306350611515,2.042612553164319,
cube2_walkeps,2.0,0,truth,1,bigrams,2.425567313160954,2.3410354739056767,2.6650250916062745,
cube2_walkeps,2.0,15,single,1,words,2.8422068755582015,2.589871807018853,2.8980001132687256,4.455297248863496
cube2_walkeps,2.0,15,single,1,bigrams,2.9353230031846924,2.950007145387006,3.135127401766195,4.455297248863496
cube2_walkeps,2.0,15,single,5,words,2.8450475379371056,2.5806526406894816,2.9100803163766864,4.455297248863496
cube2_walkeps,2.0,15,single,5,bigrams,2.9016265046112983,3.072879421114073,3.124926045947279,4.455297248863496
cube2_walkeps,2.0,15,single,20,words,2.8395805404339853,2.5637713574479744,2.906016564681008,4.455297248863496
cube2_walkeps,2.0,15,single,20,bigrams,2.9349924081736236,2.933741515799873,3.1791649337112693,4.455297248863496
cube2_walkeps,2.0,15,single,50,words,2.8572539645214925,2.5278549320136525,2.9317151066851648,4.455297248863496
cube2_walkeps,2.0,15,single,50,bigrams,2.953296848540996,2.9122043228042735,3.185505358942946,4.455297248863496
cube2_walkeps,2.0,15,mean,1,words,3.1611140612943442,2.7492128467937813,3.239169792991081,4.455297248863496
cube2_walkeps,2.0,15,mean,1,bigrams,3.187268944781548,3.2928936650539073,3.4432108964254518,4.455297248863496
cube2_walkeps,2.0,15,mean,5,words,3.16427239876343,2.756183082979209,3.2583862443344804,4.455297248863496
cube2_walkeps,2.0,15,mean,5,bigrams,3.151470660604908,3.423536271025923,3.5362974171980937,4.455297248863496
cube2_walkeps,2.0,15,mean,20,words,3.155558065663688,2.7861195753225205,3.243971596406541,4.455297248863496
cube2_walkeps,2.0,15,mean,20,bigrams,3.152199201414948,3.426318409802116,3.399479794816779,4.455297248863496
cube2_walkeps,2.0,15,mean,50,words,3.17369773261674,2.763328586788668,3.273640686908113,4.455297248863496
cube2_walkeps,2.0,15,mean,50,bigrams,3.2124930924731987,3.3827201736619736,3.4930065654696008,4.455297248863496
cube2_walkeps,2.0,30,single,1,words,2.948437017198076,2.5455949904224804,2.999612890516506,4.039035222639399
cube2_walkeps,2.0,30,single,1,bigrams,3.081725978362609,2.94286466766025,3.2865361244790536,4.039035222639399
cube2_walkeps,2.0,30,single,5,words,2.951725392223436,2.528504456361144,3.0038797409574913,4.039035222639399
cube2_walkeps,2.0,30,single,5,bigrams,3.097758718019423,2.911176656231671,3.1739795805743167,4.039035222639399
cube2_walkeps,2.0,30,single,20,words,2.9428513181302014,2.5146445103030164,2.9924530072943627,4.039035222639399
cube2_walkeps,2.0,30,single,20,bigrams,2.9731128756565197,2.8983964782161484,3.2792269974139243,4.039035222639399
cube2_walkeps,2.0,30,single,50,words,2.9611689283556037,2.4658860494680557,3.0252431067503203,4.039035222639399
cube2_walkeps,2.0,30,single,50,bigrams,2.952538058613285,2.970141903246284,3.2011527433872553,4.039035222639399
cube2_walkeps,2.0,30,mean,1,words,3.208203119229638,2.62837214071504,3.272418167475207,4.039035222639399
cube2_walkeps,2.0,30,mean,1,bigrams,3.1623410404413623,3.073910603471763,3.42023585457648,4.039035222639399
cube2_walkeps,2.0,30,mean,5,words,3.211206418318712,2.654584530247841,3.2692685485793227,4.039035222639399
cube2_walkeps,2.0,30,mean,5,bigrams,3.1709764697914777,3.0610253822913833,3.551735085523095,4.039035222639399
cube2_walkeps,2.0,30,mean,20,words,3.2017143506435057,2.678531890662318,3.2675066180411,4.039035222639399
cube2_walkeps,2.0,30,mean,20,bigrams,3.1612244004570096,3.1583374653718663,3.387444592405373,4.039035222639399
cube2_walkeps,2.0,30,mean,50,words,3.2158819778039067,2.630617452733579,3.2968692815062957,4.039035222639399
cube2_walkeps,2.0,30,mean,50,bigrams,3.179669849927124,3.112265274480322,3.4037392300587253,4.039035222639399
cube3_walkeps,3.0,0,truth,1,words,2.8777170293924694,2.8089449186255626,2.9213075640197363,
cube3_walkeps,3.0,0,truth,1,bigrams,3.400910626357437,3.7981327988435165,3.710288199539389,
cube3_walkeps,3.0,15,single,1,words,3.912862016074209,3.399106791758598,3.9634771672629796,3.138806572983587
cube3_walkeps,3.0,15,single,1,bigrams,4.108548940373401,4.291048729687878,4.405898397086857,3.138806572983587
cube3_walkeps,3.0,15,single,5,words,3.912862016074209,3.399106791758598,3.9634771672629796,3.138806572983587
cube3_walkeps,3.0,15,single,5,bigrams,4.108548940373401,4.291048729687878,4.405898397086857,3.138806572983587
cube3_walkeps,3.0,15,single,20,words,3.912193716191978,3.435439701069435,3.9477882134047264,3.138806572983587
cube3_walkeps,3.0,15,single,20,bigrams,4.007854352631083,4.332711344055173,4.356197835412627,3.138806572983587
cube3_walkeps,3.0,15,single,50,words,3.920317517770203,3.403433274577202,3.9755819502466583,3.138806572983587
cube3_walkeps,3.0,15,single,50,bigrams,4.014637054999504,4.294936129552619,4.399651352889832,3.138806572983587
cube3_walkeps,3.0,15,mean,1,words,4.072083693059845,3.6171969972105797,4.15118229360629,3.138806572983587
cube3_walkeps,3.0,15,mean,1,bigrams,4.13340717954058,4.473794952995286,4.329005928880639,3.138806572983587
cube3_walkeps,3.0,15,mean,5,words,4.072083693059845,3.6171969972105797,4.15118229360629,3.138806572983587
cube3_walkeps,3.0,15,mean,5,bigrams,4.13340717954058,4.473794952995286,4.329005928880639,3.138806572983587
cube3_walkeps,3.0,15,mean,20,words,4.071338319397469,3.599549253882034,4.140330350262317,3.138806572983587
cube3_walkeps,3.0,15,mean,20,bigrams,4.044076275526546,4.452609073642089,4.385951722786103,3.138806572983587
cube3_walkeps,3.0,15,mean,50,words,4.090258354536487,3.5729477653637662,4.1525094047079705,3.138806572983587
cube3_walkeps,3.0,15,mean,50,bigrams,4.104033566921558,4.483844910408649,4.411755743208246,3.138806572983587
cube3_walkeps,3.0,30,single,1,words,4.133677529520138,3.5486011055365623,4.19136167896197,2.543496238850379
cube3_walkeps,3.0,30,single,1,bigrams,4.2210311156539335,4.421440872632868,4.678500138850311,2.543496238850379
cube3_walkeps,3.0,30,single,5,words,4.133677529520138,3.5486011055365623,4.19136167896197,2.543496238850379
cube3_walkeps,3.0,30,single,5,bigrams,4.2210311156539335,4.421440872632868,4.678500138850311,2.543496238850379
cube3_walkeps,3.0,30,single,20,words,4.133175531606043,3.5317636271003066,4.196850426363108,2.543496238850379
cube3_walkeps,3.0,30,single,20,bigrams,4.243707438262192,4.404586309272942,4.545358888006007,2.543496238850379
cube3_walkeps,3.0,30,single,50,words,4.13463543465221,3.551417361974866,4.202133799015044,2.543496238850379
cube3_walkeps,3.0,30,single,50,bigrams,4.133381154650198,4.362959406872642,4.493277043325676,2.543496238850379
cube3_walkeps,3.0,30,mean,1,words,4.180292322790428,3.5451974886032804,4.263296485093107,2.543496238850379
cube3_walkeps,3.0,30,mean,1,bigrams,4.113774923847122,4.4515464261194015,4.256617741527959,2.543496238850379
cube3_walkeps,3.0,30,mean,5,words,4.180292322790428,3.5451974886032804,4.263296485093107,2.543496238850379
cube3_walkeps,3.0,30,mean,5,bigrams,4.113774923847122,4.4515464261194015,4.256617741527959,2.543496238850379
cube3_walkeps,3.0,30,mean,20,words,4.179375805312802,3.5424632560058438,4.274353503766747,2.543496238850379
cube3_walkeps,3.0,30,mean,20,bigrams,4.190945329116132,4.39105881980942,4.373831818325311,2.543496238850379
cube3_walkeps,3.0,30,mean,50,words,4.187299427124092,3.6077754026650606,4.274887222418439,2.543496238850379
cube3_walkeps,3.0,30,mean,50,bigrams,4.127047904619231,4.41887023720541,4.44999914511888,2.543496238850379
cube4_walkdist,4.0,0,truth,1,words,3.8867623353605225,3.7631312787999955,3.8975245847382802,
cube4_walkdist,4.0,0,truth,1,bigrams,7.116100374828072,7.058699889764048,7.139259512441715,
cube4_walkdist,4.0,15,single,1,words,10.303279878300138,8.94985969528058,10.314451531315106,1.159376664121624
cube4_walkdist,4.0,15,single,1,bigrams,11.487310193872474,11.576349905499832,11.558839432151878,1.159376664121624
cube4_walkdist,4.0,15,single,5,words,10.303279878300138,8.94985969528058,10.314451531315106,1.159376664121624
cube4_walkdist,4.0,15,single,5,bigrams,11.487310193872474,11.576349905499832,11.558839432151878,1.159376664121624
cube4_walkdist,4.0,15,single,20,words,10.303279878300138,8.94985969528058,10.314451531315106,1.159376664121624
cube4_walkdist,4.0,15,single,20,bigrams,11.487310193872474,11.576349905499832,11.558839432151878,1.159376664121624
cube4_walkdist,4.0,15,single,50,words,10.303279878300138,8.94985969528058,10.314451531315106,1.159376664121624
cube4_walkdist,4.0,15,single,50,bigrams,11.487310193872474,11.576349905499832,11.558839432151878,1.159376664121624
cube4_walkdist,4.0,15,mean,1,words,10.349501488768281,8.662882612089437,10.393780297365183,1.159376664121624
cube4_walkdist,4.0,15,mean,1,bigrams,11.063269152196582,11.384367766926223,11.250340770718651,1.159376664121624
cube4_walkdist,4.0,15,mean,5,words,10.349501488768281,8.662882612089437,10.393780297365183,1.159376664121624
cube4_walkdist,4.0,15,mean,5,bigrams,11.063269152196582,11.384367766926223,11.250340770718651,1.159376664121624
cube4_walkdist,4.0,15,mean,20,words,10.349501488768281,8.662882612089437,10.393780297365183,1.159376664121624
cube4_walkdist,4.0,15,mean,20,bigrams,11.063269152196582,11.384367766926223,11.250340770718651,1.159376664121624
cube4_walkdist,4.0,15,mean,50,words,10.349501488768281,8.662882612089437,10.393780297365183,1.159376664121624
cube4_walkdist,4.0,15,mean,50,bigrams,11.063269152196582,11.384367766926223,11.250340770718651,1.159376664121624
cube4_walkdist,4.0,30,single,1,words,15.988347205216813,13.398286717248425,16.039643490951722,1.0432575059177538
cube4_walkdist,4.0,30,single,1,bigrams,13.183228727502783,16.155460132241494,13.693308322923652,1.0432575059177538
cube4_walkdist,4.0,30,single,5,words,15.988347205216813,13.398286717248425,16.039643490951722,1.0432575059177538
cube4_walkdist,4.0,30,single,5,bigrams,13.183228727502783,16.155460132241494,13.693308322923652,1.0432575059177538
cube4_walkdist,4.0,30,single,20,words,15.988347205216813,13.398286717248425,16.039643490951722,1.0432575059177538
cube4_walkdist,4.0,30,single,20,bigrams,13.183228727502783,16.155460132241494,13.693308322923652,1.0432575059177538
cube4_walkdist,4.0,30,single,50,words,15.988347205216813,13.398286717248425,16.039643490951722,1.0432575059177538
cube4_walkdist,4.0,30,single,50,bigrams,13.183228727502783,16.155460132241494,13.693308322923652,1.0432575059177538
cube4_walkdist,4.0,30,mean,1,words,15.410928425045666,14.672501423418876,15.253649470635782,1.0432575059177538
cube4_walkdist,4.0,30,mean,1,bigrams,13.008183923248868,14.58353076204256,13.463272385524052,1.0432575059177538
cube4_walkdist,4.0,30,mean,5,words,15.410928425045666,14.672501423418876,15.253649470635782,1.0432575059177538
cube4_walkdist,4.0,30,mean,5,bigrams,13.008183923248868,14.58353076204256,13.463272385524052,1.0432575059177538
cube4_walkdist,4.0,30,mean,20,words,15.410928425045666,14.672501423418876,15.253649470635782,1.0432575059177538
cube4_walkdist,4.0,30,mean,20,bigrams,13.008183923248868,14.58353076204256,13.463272385524052,1.0432575059177538
cube4_walkdist,4.0,30,mean,50,words,15.410928425045666,14.672501423418876,15.253649470635782,1.0432575059177538
cube4_walkdist,4.0,30,mean,50,bigrams,13.008183923248868,14.58353076204256,13.463272385524052,1.0432575059177538
cube4_walkeps,4.0,0,truth,1,words,3.8905475518061525,3.77179794180764,3.886241407057881,
cube4_walkeps,4.0,0,truth,1,bigrams,4.551746013619417,5.1783267153308845,4.945137515370589,
cube4_walkeps,4.0,15,single,1,words,4.801104695825981,4.4639990872867354,4.870915058084963,2.262500892153457
cube4_walkeps,4.0,15,single,1,bigrams,4.945252071393413,5.620551368320678,5.236146008088516,2.262500892153457
cube4_walkeps,4.0,15,single,5,words,4.803595482888528,4.445101884811164,4.829394195608469,2.262500892153457
cube4_walkeps,4.0,15,single,5,bigrams,4.981676201573015,5.626288315166569,5.422278685753305,2.262500892153457
cube4_walkeps,4.0,15,single,20,words,4.800935079156654,4.342981336518224,4.8380152446162,2.262500892153457
cube4_walkeps,4.0,15,single,20,bigrams,4.815786661523591,5.526147170423194,5.185929842564464,2.262500892153457
cube4_walkeps,4.0,15,single,50,words,4.83230479731651,4.318820739933332,4.876345524251455,2.262500892153457
cube4_walkeps,4.0,15,single,50,bigrams,5.032614177816271,5.462713759590427,5.272304816458915,2.262500892153457
cube4_walkeps,4.0,15,mean,1,words,4.903211852103314,4.377115866660704,4.948100826556369,2.262500892153457
cube4_walkeps,4.0,15,mean,1,bigrams,4.94228925019134,5.706640603318734,5.282156014784525,2.262500892153457
cube4_walkeps,4.0,15,mean,5,words,4.905446403892854,4.478103466342985,4.946595194715822,2.262500892153457
cube4_walkeps,4.0,15,mean,5,bigrams,4.933876204503109,5.600568454146071,5.301658151705585,2.262500892153457
cube4_walkeps,4.0,15,mean,20,words,4.901116060525739,4.53414977729103,4.93926291071772,2.262500892153457
cube4_walkeps,4.0,15,mean,20,bigrams,4.8830278191205485,5.730212418944259,5.281862754066286,2.262500892153457
cube4_walkeps,4.0,15,mean,50,words,4.918087120423049,4.459237556164256,4.9841276532477945,2.262500892153457
cube4_walkeps,4.0,15,mean,50,bigrams,4.954946947133491,5.648890115536002,5.18999808947783,2.262500892153457
cube4_walkeps,4.0,30,single,1,words,5.310607439605044,4.510522676418104,5.389895891859576,1.7081165541868424
cube4_walkeps,4.0,30,single,1,bigrams,5.208246477931196,5.882322285605172,5.568180750608308,1.7081165541868424
cube4_walkeps,4.0,30,single,5,words,5.313328618246599,4.614735897970624,5.367245254442421,1.7081165541868424
cube4_walkeps,4.0,30,single,5,bigrams,5.17926938781247,5.748113283744909,5.526555575534657,1.7081165541868424
cube4_walkeps,4.0,30,single,20,words,5.309497042197316,4.651411524768689,5.352065232503132,1.7081165541868424
cube4_walkeps,4.0,30,single,20,bigrams,5.185922270619642,5.811826758413136,5.536247440043471,1.7081165541868424
cube4_walkeps,4.0,30,single,50,words,5.345831708246257,4.519969331803746,5.37489244562787,1.7081165541868424
cube4_walkeps,4.0,30,single,50,bigrams,5.0858347432088555,5.797459253021582,5.412643548712989,1.7081165541868424
cube4_walkeps,4.0,30,mean,1,words,5.165685450147948,4.665260614493416,5.212549368192763,1.7081165541868424
cube4_walkeps,4.0,30,mean,1,bigrams,5.1764816875385025,5.925855749946266,5.479290085596152,1.7081165541868424
cube4_walkeps,4.0,30,mean,5,words,5.167603303313115,4.621525204796201,5.20673642398175,1.7081165541868424
cube4_walkeps,4.0,30,mean,5,bigrams,5.139344005663354,5.855621621732402,5.318269141284468,1.7081165541868424
cube4_walkeps,4.0,30,mean,20,words,5.163908110849097,4.573421078462832,5.196326605506819,1.7081165541868424
cube4_walkeps,4.0,30,mean,20,bigrams,5.119461854280164,5.903722638897188,5.308208940620517,1.7081165541868424
cube4_walkeps,4.0,30,mean,50,words,5.176871518280329,4.499541447658075,5.241526162637935,1.7081165541868424
cube4_walkeps,4.0,30,mean,50,bigrams,5.087761458792319,5.953962275681205,5.290355614591599,1.7081165541868424
cube6_walkeps,6.0,0,truth,1,words,5.559858295310804,5.374854176389165,5.527431596166847,
cube6_walkeps,6.0,0,truth,1,bigrams,6.062517703741221,7.276638621090571,6.535625881501604,
cube6_walkeps,6.0,15,single,1,words,6.394384967689297,5.809987263822899,6.349530421908117,1.2790487946709057
cube6_walkeps,6.0,15,single,1,bigrams,6.005925040859339,7.637413682001167,6.538319165992013,1.2790487946709057
cube6_walkeps,6.0,15,single,5,words,6.3895423838012135,6.1525888724471605,6.333806239457399,1.2790487946709057
cube6_walkeps,6.0,15,single,5,bigrams,6.07174141283805,7.704092044917902,6.6161462568742095,1.2790487946709057
cube6_walkeps,6.0,15,single,20,words,6.3901102384365815,6.113964479588934,6.364640427044993,1.2790487946709057
cube6_walkeps,6.0,15,single,20,bigrams,6.23063521918621,7.674973910803866,6.732013924938051,1.2790487946709057
cube6_walkeps,6.0,15,single,50,words,6.42675297542646,6.0149255470711775,6.35214106989368,1.2790487946709057
cube6_walkeps,6.0,15,single,50,bigrams,6.137788789849835,7.561602544007675,6.393651413061709,1.2790487946709057
cube6_walkeps,6.0,15,mean,1,words,6.310712687356542,6.392797308161563,6.277560861244372,1.2790487946709057
cube6_walkeps,6.0,15,mean,1,bigrams,6.142448705977979,7.760643298285633,6.369233415084726,1.2790487946709057
cube6_walkeps,6.0,15,mean,5,words,6.300938969302176,6.175608926870259,6.256395360767885,1.2790487946709057
cube6_walkeps,6.0,15,mean,5,bigrams,6.084373732438136,7.646657712788189,6.583531335189194,1.2790487946709057
cube6_walkeps,6.0,15,mean,20,words,6.30040317132397,6.042643494595207,6.264187351227674,1.2790487946709057
cube6_walkeps,6.0,15,mean,20,bigrams,5.957690025347394,7.653567276003925,6.481365841204062,1.2790487946709057
cube6_walkeps,6.0,15,mean,50,words,6.329194104193296,6.4827277164647255,6.278465553016654,1.2790487946709057
cube6_walkeps,6.0,15,mean,50,bigrams,5.967799123583947,7.597706690527506,6.5101149815880195,1.2790487946709057
cube6_walkeps,6.0,30,single,1,words,7.143357941587234,6.417342210789913,7.139749614023306,0.9522129308848056
cube6_walkeps,6.0,30,single,1,bigrams,6.222856846552113,8.104964436591573,6.655095586988589,0.9522129308848056
cube6_walkeps,6.0,30,single,5,words,7.13338348440975,6.6199486970373105,7.132187203187206,0.9522129308848056
cube6_walkeps,6.0,30,single,5,bigrams,6.291644896013548,8.04625338366339,6.648518303630684,0.9522129308848056
cube6_walkeps,6.0,30,single,20,words,7.127436905633864,7.117098594209871,7.119002787416562,0.9522129308848056
cube6_walkeps,6.0,30,single,20,bigrams,6.5256003729280785,8.031428218761317,6.56743310942762,0.9522129308848056
cube6_walkeps,6.0,30,single,50,words,7.1873340598166235,6.753020433895353,7.172051183015876,0.9522129308848056
cube6_walkeps,6.0,30,single,50,bigrams,6.517918867407124,8.11185651705218,6.849231665618586,0.9522129308848056
cube6_walkeps,6.0,30,mean,1,words,7.030073051470168,6.229416365377878,7.084148124809852,0.9522129308848056
cube6_walkeps,6.0,30,mean,1,bigrams,6.274189079782319,8.058292680704389,6.677122121307013,0.9522129308848056
cube6_walkeps,6.0,30,mean,5,words,7.018091371839617,6.64511465150985,7.068444227529888,0.9522129308848056
cube6_walkeps,6.0,30,mean,5,bigrams,6.189271288203593,8.113182263100896,6.483970873033385,0.9522129308848056
cube6_walkeps,6.0,30,mean,20,words,7.009497327889233,6.4777916246250395,7.046063803109716,0.9522129308848056
cube6_walkeps,6.0,30,mean,20,bigrams,6.149764624631787,8.05752856798824,6.501342972844737,0.9522129308848056
cube6_walkeps,6.0,30,mean,50,words,7.073926209971787,6.6663004468991325,7.118497741700262,0.9522129308848056
cube6_walkeps,6.0,30,mean,50,bigrams,6.297137748412236,8.041325512236732,6.706268401861438,0.9522129308848056
sphere4,4.0,0,truth,1,words,3.9174034777793514,3.9152029210089365,3.928675101813319,
sphere4,4.0,0,truth,1,bigrams,5.412868288492352,6.135155297425399,5.678322950308573,
sphere4,4.0,15,single,1,words,7.86635911599977,6.056840967761831,7.98994851038079,1.6113383688624605
sphere4,4.0,15,single,1,bigrams,6.499407295700812,7.569420605835936,6.7379637495618905,1.6113383688624605
sphere4,4.0,15,single,5,words,7.86635911599977,6.056840967761831,7.98994851038079,1.6113383688624605
sphere4,4.0,15,single,5,bigrams,6.499407295700812,7.569420605835936,6.7379637495618905,1.6113383688624605
sphere4,4.0,15,single,20,words,7.86635911599977,6.056840967761831,7.98994851038079,1.6113383688624605
sphere4,4.0,15,single,20,bigrams,6.499407295700812,7.569420605835936,6.7379637495618905,1.6113383688624605
sphere4,4.0,15,single,50,words,7.896540331160351,6.121472031561222,8.003921393711071,1.6113383688624605
sphere4,4.0,15,single,50,bigrams,6.295279705375713,7.602139968994917,6.86066448621523,1.6113383688624605
sphere4,4.0,15,mean,1,words,7.560925266640854,6.002751546326657,7.620292516000111,1.6113383688624605
sphere4,4.0,15,mean,1,bigrams,6.481490421198821,7.38713282573361,6.67465013444458,1.6113383688624605
sphere4,4.0,15,mean,5,words,7.560925266640854,6.002751546326657,7.620292516000111,1.6113383688624605
sphere4,4.0,15,mean,5,bigrams,6.481490421198821,7.38713282573361,6.67465013444458,1.6113383688624605
sphere4,4.0,15,mean,20,words,7.560925266640854,6.002751546326657,7.620292516000111,1.6113383688624605
sphere4,4.0,15,mean,20,bigrams,6.481490421198821,7.38713282573361,6.67465013444458,1.6113383688624605
sphere4,4.0,15,mean,50,words,7.551672018273938,5.961693233770752,7.644782155357955,1.6113383688624605
sphere4,4.0,15,mean,50,bigrams,6.327968322213143,7.385011669621871,6.868804610678099,1.6113383688624605
sphere4,4.0,30,single,1,words,8.315858436856029,6.6754439424867735,8.446197976400363,1.2934145380846667
sphere4,4.0,30,single,1,bigrams,6.573776618453367,7.734955010240477,7.091522522001814,1.2934145380846667
sphere4,4.0,30,single,5,words,8.315858436856029,6.6754439424867735,8.446197976400363,1.2934145380846667
sphere4,4.0,30,single,5,bigrams,6.573776618453367,7.734955010240477,7.091522522001814,1.2934145380846667
sphere4,4.0,30,single,20,words,8.315858436856029,6.6754439424867735,8.446197976400363,1.2934145380846667
sphere4,4.0,30,single,20,bigrams,6.573776618453367,7.734955010240477,7.091522522001814,1.2934145380846667
sphere4,4.0,30,single,50,words,8.36188384551466,6.213800135170016,8.49590562697044,1.2934145380846667
sphere4,4.0,30,single,50,bigrams,6.419491826978811,7.720065032092714,6.793018812201236,1.2934145380846667
sphere4,4.0,30,mean,1,words,8.231613973129033,5.934132937635644,8.343551455767395,1.2934145380846667
sphere4,4.0,30,mean,1,bigrams,6.525311537678866,7.403907091797892,6.884065139253842,1.2934145380846667
sphere4,4.0,30,mean,5,words,8.231613973129033,5.934132937635644,8.343551455767395,1.2934145380846667
sphere4,4.0,30,mean,5,bigrams,6.525311537678866,7.403907091797892,6.884065139253842,1.2934145380846667
sphere4,4.0,30,mean,20,words,8.231613973129033,5.934132937635644,8.343551455767395,1.2934145380846667
sphere4,4.0,30,mean,20,bigrams,6.525311537678866,7.403907091797892,6.884065139253842,1.2934145380846667
sphere4,4.0,30,mean,50,words,8.274013944832461,5.912931745628656,8.382144857116653,1.2934145380846667
sphere4,4.0,30,mean,50,bigrams,6.390468651306448,7.563673894118254,6.8191942031390145,1.2934145380846667
sphere4_kappa3.0,4.0,0,truth,1,words,4.029351328273341,3.9859071370711523,4.024719229677843,
sphere4_kappa3.0,4.0,0,truth,1,bigrams,5.054783414949712,5.811118388242853,5.229664343564933,
sphere4_kappa3.0,4.0,15,single,1,words,7.538801835202491,,7.585090808655179,1.705098299936942
sphere4_kappa3.0,4.0,15,single,1,bigrams,4.9964244662472534,6.7522231862685125,5.154466817689997,1.705098299936942
sphere4_kappa3.0,4.0,15,single,5,words,7.268938171162538,,7.331161925322308,1.705098299936942
sphere4_kappa3.0,4.0,15,single,5,bigrams,4.701517265705837,7.302003805211619,4.928408333112506,1.705098299936942
sphere4_kappa3.0,4.0,15,single,20,words,7.251962437754061,,7.256108117594186,1.705098299936942
sphere4_kappa3.0,4.0,15,single,20,bigrams,4.962231120925311,7.235114346379009,5.2879731680311615,1.705098299936942
sphere4_kappa3.0,4.0,15,single,50,words,7.517055157759718,8.44563779860521,7.474021090408292,1.705098299936942
sphere4_kappa3.0,4.0,15,single,50,bigrams,5.335617563259117,6.574320771240451,5.561649383111374,1.705098299936942
sphere4_kappa3.0,4.0,15,mean,1,words,7.202235017026714,6.842212441829597,7.217855280065097,1.705098299936942
sphere4_kappa3.0,4.0,15,mean,1,bigrams,4.7429912541820505,6.728827306921794,5.045006756804089,1.705098299936942
sphere4_kappa3.0,4.0,15,mean,5,words,6.912176007095682,6.038646958565967,6.975628911729489,1.705098299936942
sphere4_kappa3.0,4.0,15,mean,5,bigrams,4.783173674181219,7.175446301913642,5.016010293966378,1.705098299936942
sphere4_kappa3.0,4.0,15,mean,20,words,7.023207035589412,,7.029331639127631,1.705098299936942
sphere4_kappa3.0,4.0,15,mean,20,bigrams,4.875623197205226,6.59805717027736,4.879021546223257,1.705098299936942
sphere4_kappa3.0,4.0,15,mean,50,words,7.085665284004273,5.825759300244564,7.16791092567305,1.705098299936942
sphere4_kappa3.0,4.0,15,mean,50,bigrams,5.147096877961344,6.656242523409247,5.244139616669337,1.705098299936942
sphere4_kappa3.0,4.0,30,single,1,words,7.932225198230595,6.933683932184172,8.055749830202982,1.1614966196369125
sphere4_kappa3.0,4.0,30,single,1,bigrams,4.854614505857066,6.864827054168215,5.101592632401884,1.1614966196369125
sphere4_kappa3.0,4.0,30,single,5,words,7.7427733194170205,8.3992526952996,7.854910704363932,1.1614966196369125
sphere4_kappa3.0,4.0,30,single,5,bigrams,4.834039703399408,7.740092485343055,5.356907516974148,1.1614966196369125
sphere4_kappa3.0,4.0,30,single,20,words,7.874646841460709,8.193723475677164,7.877924502414439,1.1614966196369125
sphere4_kappa3.0,4.0,30,single,20,bigrams,5.165889889379768,6.403191334785501,5.3688444325160205,1.1614966196369125
sphere4_kappa3.0,4.0,30,single,50,words,7.978528601572719,6.557341845301817,8.023868146380755,1.1614966196369125
sphere4_kappa3.0,4.0,30,single,50,bigrams,5.446961466797658,6.885135014783181,5.653336819873717,1.1614966196369125
sphere4_kappa3.0,4.0,30,mean,1,words,7.704932273119063,6.725232480519617,7.757501411470592,1.1614966196369125
sphere4_kappa3.0,4.0,30,mean,1,bigrams,4.790870164982673,6.707187187156549,5.163044424864546,1.1614966196369125
sphere4_kappa3.0,4.0,30,mean,5,words,7.501765124219126,7.021579972402849,7.584483573922121,1.1614966196369125
sphere4_kappa3.0,4.0,30,mean,5,bigrams,4.9494707468753685,6.793632110571897,5.178247558934871,1.1614966196369125
sphere4_kappa3.0,4.0,30,mean,20,words,7.565385694135009,7.099953916129184,7.674087289792233,1.1614966196369125
sphere4_kappa3.0,4.0,30,mean,20,bigrams,4.846943431380189,6.836710497457859,5.138220565926806,1.1614966196369125
sphere4_kappa3.0,4.0,30,mean,50,words,7.738561192443618,6.734653329861099,7.73374234208782,1.1614966196369125
sphere4_kappa3.0,4.0,30,mean,50,bigrams,5.3086328535619085,6.762947462813677,5.395313836584409,1.1614966196369125
sphere8_vocab18000,8.0,0,truth,1,words,7.608433489561377,7.626842708577202,7.371391842161678,
sphere8_vocab18000,8.0,0,truth,1,bigrams,12.234764252963013,12.485462450824471,11.758309773436174,
sphere8_vocab18000,8.0,15,single,1,words,9.888662542114686,9.03985819903439,9.586887411796262,0.48603181784208466
sphere8_vocab18000,8.0,15,single,1,bigrams,12.165277088813925,13.05775190293749,12.648927421187324,0.48603181784208466
sphere8_vocab18000,8.0,15,single,5,words,9.888662542114686,9.03985819903439,9.586887411796262,0.48603181784208466
sphere8_vocab18000,8.0,15,single,5,bigrams,12.165277088813925,13.05775190293749,12.648927421187324,0.48603181784208466
sphere8_vocab18000,8.0,15,single,20,words,9.811888266309957,9.761699557425414,9.646812004893285,0.48603181784208466
sphere8_vocab18000,8.0,15,single,20,bigrams,12.508404519174785,13.199880277270884,12.292404317711927,0.48603181784208466
sphere8_vocab18000,8.0,15,single,50,words,10.27456186905967,8.627476719243367,10.25838540772261,0.48603181784208466
sphere8_vocab18000,8.0,15,single,50,bigrams,8.71593822609517,10.577727887125057,9.431636344333107,0.48603181784208466
sphere8_vocab18000,8.0,15,mean,1,words,9.863807245726058,9.262977309777654,9.674811906972796,0.48603181784208466
sphere8_vocab18000,8.0,15,mean,1,bigrams,12.04630551895385,13.263106126875316,12.486931604564255,0.48603181784208466
sphere8_vocab18000,8.0,15,mean,5,words,9.863807245726058,9.262977309777654,9.674811906972796,0.48603181784208466
sphere8_vocab18000,8.0,15,mean,5,bigrams,12.04630551895385,13.263106126875316,12.486931604564255,0.48603181784208466
sphere8_vocab18000,8.0,15,mean,20,words,9.799731019556097,9.240962094729912,9.449805952930728,0.48603181784208466
sphere8_vocab18000,8.0,15,mean,20,bigrams,12.781241214342819,13.504805120455893,12.619059198974405,0.48603181784208466
sphere8_vocab18000,8.0,15,mean,50,words,10.192585747140926,8.685854339891165,10.200317757026681,0.48603181784208466
sphere8_vocab18000,8.0,15,mean,50,bigrams,8.669300986673818,10.371888462966975,9.110361984000226,0.48603181784208466
sphere8_vocab18000,8.0,30,single,1,words,9.964908119048424,9.287924876992843,9.725964893659654,0.4843679706498198
sphere8_vocab18000,8.0,30,single,1,bigrams,12.281646751393685,13.215089093168118,12.724570043139416,0.4843679706498198
sphere8_vocab18000,8.0,30,single,5,words,9.964908119048424,9.287924876992843,9.725964893659654,0.4843679706498198
sphere8_vocab18000,8.0,30,single,5,bigrams,12.281646751393685,13.215089093168118,12.724570043139416,0.4843679706498198
sphere8_vocab18000,8.0,30,single,20,words,9.70043642335417,9.277114710270599,9.500301164073573,0.4843679706498198
sphere8_vocab18000,8.0,30,single,20,bigrams,12.568318213271716,13.021354974697593,12.326067757521578,0.4843679706498198
sphere8_vocab18000,8.0,30,single,50,words,10.389637210676726,8.98044529982461,10.411126528506813,0.4843679706498198
sphere8_vocab18000,8.0,30,single,50,bigrams,8.509184669163261,10.638445145147703,9.135395564758765,0.4843679706498198
sphere8_vocab18000,8.0,30,mean,1,words,9.76970183799859,9.297132368892125,9.587392222686336,0.4843679706498198
sphere8_vocab18000,8.0,30,mean,1,bigrams,12.79554512217219,13.108833068197121,12.595163430875827,0.4843679706498198
sphere8_vocab18000,8.0,30,mean,5,words,9.76970183799859,9.297132368892125,9.587392222686336,0.4843679706498198
sphere8_vocab18000,8.0,30,mean,5,bigrams,12.79554512217219,13.108833068197121,12.595163430875827,0.4843679706498198
sphere8_vocab18000,8.0,30,mean,20,words,10.011593342522012,9.286767597177207,9.72938690064003,0.4843679706498198
sphere8_vocab18000,8.0,30,mean,20,bigrams,12.56781832647345,12.836867411213433,12.607348957144852,0.4843679706498198
sphere8_vocab18000,8.0,30,mean,50,words,10.278610322908655,8.595158202652081,10.337679200106315,0.4843679706498198
sphere8_vocab18000,8.0,30,mean,50,bigrams,8.697343785677495,10.583888792233264,9.236568077659818,0.4843679706498198
torus2,2.0,0,truth,1,words,1.961638491856225,2.021199567328063,1.965112650007497,
torus2,2.0,0,truth,1,bigrams,2.8186726997020743,2.910571740425196,3.0130707691888015,
torus2,2.0,15,single,1,words,4.866605724241581,3.544348720500016,4.849728432609433,2.8898087682318696
torus2,2.0,15,single,1,bigrams,4.096760122684267,4.247323019764879,4.371906575122219,2.8898087682318696
torus2,2.0,15,single,5,words,4.866605724241581,3.544348720500016,4.849728432609433,2.8898087682318696
torus2,2.0,15,single,5,bigrams,4.096760122684267,4.247323019764879,4.371906575122219,2.8898087682318696
torus2,2.0,15,single,20,words,4.865320723827547,3.599002637653827,4.886786843441915,2.8898087682318696
torus2,2.0,15,single,20,bigrams,4.062994228988936,4.215227834934272,4.333806285949571,2.8898087682318696
torus2,2.0,15,single,50,words,5.061221472461752,3.3675191292116073,5.094383568409511,2.8898087682318696
torus2,2.0,15,single,50,bigrams,4.228904496253613,4.117524280745224,4.276611867504283,2.8898087682318696
torus2,2.0,15,mean,1,words,4.627314680003927,3.5936756164317605,4.611619880217567,2.8898087682318696
torus2,2.0,15,mean,1,bigrams,4.066399639385533,4.415169470790197,4.144797637960556,2.8898087682318696
torus2,2.0,15,mean,5,words,4.627314680003927,3.5936756164317605,4.611619880217567,2.8898087682318696
torus2,2.0,15,mean,5,bigrams,4.066399639385533,4.415169470790197,4.144797637960556,2.8898087682318696
torus2,2.0,15,mean,20,words,4.624745788064898,3.646547857513357,4.621767806502961,2.8898087682318696
torus2,2.0,15,mean,20,bigrams,4.131466329428576,4.513200587640204,4.467246238883115,2.8898087682318696
torus2,2.0,15,mean,50,words,4.780137405889356,3.4693471597668832,4.8632358333490435,2.8898087682318696
torus2,2.0,15,mean,50,bigrams,4.2375162593936295,4.3811328106837575,4.446101241029989,2.8898087682318696
torus2,2.0,30,single,1,words,5.003154698702304,3.4486764511898453,4.997667474044347,2.587620905423985
torus2,2.0,30,single,1,bigrams,4.1117995884752,4.104602539535232,4.429639521822368,2.587620905423985
torus2,2.0,30,single,5,words,5.003154698702304,3.4486764511898453,4.997667474044347,2.587620905423985
torus2,2.0,30,single,5,bigrams,4.1117995884752,4.104602539535232,4.429639521822368,2.587620905423985
torus2,2.0,30,single,20,words,5.004542049329684,3.4785304018796888,5.037842846267367,2.587620905423985
torus2,2.0,30,single,20,bigrams,4.102307233514203,4.070996324444014,4.393868576355521,2.587620905423985
torus2,2.0,30,single,50,words,5.187127047541122,3.229375051309434,5.250984359144347,2.587620905423985
torus2,2.0,30,single,50,bigrams,4.094904497336289,4.0280337390283,4.361378448782615,2.587620905423985
torus2,2.0,30,mean,1,words,4.888000694589897,3.4990400130308528,4.8962607683358685,2.587620905423985
torus2,2.0,30,mean,1,bigrams,4.11692314246824,4.2323337454678995,4.278344836839735,2.587620905423985
torus2,2.0,30,mean,5,words,4.888000694589897,3.4990400130308528,4.8962607683358685,2.587620905423985
torus2,2.0,30,mean,5,bigrams,4.11692314246824,4.2323337454678995,4.278344836839735,2.587620905423985
torus2,2.0,30,mean,20,words,4.8923363880714,3.4860280292045474,4.9316935430720585,2.587620905423985
torus2,2.0,30,mean,20,bigrams,4.0767723672367,4.152953420519012,4.23732801082522,2.587620905423985
torus2,2.0,30,mean,50,words,5.119111134970266,3.372808212718427,5.210025775640979,2.587620905423985
torus2,2.0,30,mean,50,bigrams,4.0924138127838665,4.156990589962993,4.357060404346961,2.587620905423985
torus4,4.0,0,truth,1,words,4.061258863841481,4.164838300217079,4.054697674745443,
torus4,4.0,0,truth,1,bigrams,5.789197530772423,6.6999047972165044,6.161526227120602,
torus4,4.0,15,single,1,words,8.115064787109732,6.085940601515042,8.170798851124346,1.2585534645799632
torus4,4.0,15,single,1,bigrams,6.768323974816947,7.858890705272473,7.0930494134497835,1.2585534645799632
torus4,4.0,15,single,5,words,8.115064787109732,6.085940601515042,8.170798851124346,1.2585534645799632
torus4,4.0,15,single,5,bigrams,6.768323974816947,7.858890705272473,7.0930494134497835,1.2585534645799632
torus4,4.0,15,single,20,words,8.115064787109732,6.085940601515042,8.170798851124346,1.2585534645799632
torus4,4.0,15,single,20,bigrams,6.768323974816947,7.858890705272473,7.0930494134497835,1.2585534645799632
torus4,4.0,15,single,50,words,8.181378008480035,6.332853942480812,8.298638808367993,1.2585534645799632
torus4,4.0,15,single,50,bigrams,6.725365624923403,7.6922569928935545,7.097511012031228,1.2585534645799632
torus4,4.0,15,mean,1,words,7.738529261726201,6.159913724722025,7.765593301097735,1.2585534645799632
torus4,4.0,15,mean,1,bigrams,6.751993000769557,7.743664405605484,7.467386694507682,1.2585534645799632
torus4,4.0,15,mean,5,words,7.738529261726201,6.159913724722025,7.765593301097735,1.2585534645799632
torus4,4.0,15,mean,5,bigrams,6.751993000769557,7.743664405605484,7.467386694507682,1.2585534645799632
torus4,4.0,15,mean,20,words,7.738529261726201,6.159913724722025,7.765593301097735,1.2585534645799632
torus4,4.0,15,mean,20,bigrams,6.751993000769557,7.743664405605484,7.467386694507682,1.2585534645799632
torus4,4.0,15,mean,50,words,7.860641563773229,6.004692629587668,7.957587594352369,1.2585534645799632
torus4,4.0,15,mean,50,bigrams,6.689159942843031,7.669628652747949,6.943163269713797,1.2585534645799632
torus4,4.0,30,single,1,words,8.49527501218117,,8.603405101387184,1.0667546079797605
torus4,4.0,30,single,1,bigrams,6.892480955924264,7.9714518776311465,7.580784384206435,1.0667546079797605
torus4,4.0,30,single,5,words,8.49527501218117,,8.603405101387184,1.0667546079797605
torus4,4.0,30,single,5,bigrams,6.892480955924264,7.9714518776311465,7.580784384206435,1.0667546079797605
torus4,4.0,30,single,20,words,8.49527501218117,,8.603405101387184,1.0667546079797605
torus4,4.0,30,single,20,bigrams,6.892480955924264,7.9714518776311465,7.580784384206435,1.0667546079797605
torus4,4.0,30,single,50,words,8.592211030346656,6.311037433133895,8.684305849464572,1.0667546079797605
torus4,4.0,30,single,50,bigrams,6.716091354182886,7.981800784633351,7.3357904490918,1.0667546079797605
torus4,4.0,30,mean,1,words,8.22795837301331,6.4804474530397975,8.286006233023164,1.0667546079797605
torus4,4.0,30,mean,1,bigrams,6.7948012441737635,7.841319730461599,7.380169772936094,1.0667546079797605
torus4,4.0,30,mean,5,words,8.22795837301331,6.4804474530397975,8.286006233023164,1.0667546079797605
torus4,4.0,30,mean,5,bigrams,6.7948012441737635,7.841319730461599,7.380169772936094,1.0667546079797605
torus4,4.0,30,mean,20,words,8.22795837301331,6.4804474530397975,8.286006233023164,1.0667546079797605
torus4,4.0,30,mean,20,bigrams,6.7948012441737635,7.841319730461599,7.380169772936094,1.0667546079797605
torus4,4.0,30,mean,50,words,8.328078294066305,6.402666666565727,8.4516395496162,1.0667546079797605
torus4,4.0,30,mean,50,bigrams,6.817624525019859,7.758583257531707,7.261124240258056,1.0667546079797605
torus4_kappa3.0,4.0,0,truth,1,words,4.011942200239323,3.998585849282967,3.995293259567009,
torus4_kappa3.0,4.0,0,truth,1,bigrams,4.771701000688789,5.9551517078139025,5.0920258782950185,
torus4_kappa3.0,4.0,15,single,1,words,8.431036461123025,7.233941461218621,8.575387038380534,1.5780206998104496
torus4_kappa3.0,4.0,15,single,1,bigrams,4.651474944793712,,4.655938145913504,1.5780206998104496
torus4_kappa3.0,4.0,15,single,5,words,7.29462774382437,,7.419194315562665,1.5780206998104496
torus4_kappa3.0,4.0,15,single,5,bigrams,4.686122337761741,,4.661310202736171,1.5780206998104496
torus4_kappa3.0,4.0,15,single,20,words,7.174225951878445,,7.204181274533701,1.5780206998104496
torus4_kappa3.0,4.0,15,single,20,bigrams,5.045491005902477,7.317201049599971,5.395570938321974,1.5780206998104496
torus4_kappa3.0,4.0,15,single,50,words,7.437314284500695,6.932681299262019,7.47581025046709,1.5780206998104496
torus4_kappa3.0,4.0,15,single,50,bigrams,5.583233928616877,7.091136536026414,5.588677475332922,1.5780206998104496
torus4_kappa3.0,4.0,15,mean,1,words,7.6768895018958005,6.3803154172260435,7.837140982627,1.5780206998104496
torus4_kappa3.0,4.0,15,mean,1,bigrams,4.3791052988706864,7.6637698010330695,4.395613722044301,1.5780206998104496
torus4_kappa3.0,4.0,15,mean,5,words,6.758313018677808,7.737843293025399,6.91714281129081,1.5780206998104496
torus4_kappa3.0,4.0,15,mean,5,bigrams,4.44803620076233,6.746041883595448,4.609259696390773,1.5780206998104496
torus4_kappa3.0,4.0,15,mean,20,words,6.912049158749294,7.262005148354415,7.075250083404106,1.5780206998104496
torus4_kappa3.0,4.0,15,mean,20,bigrams,4.834657499656575,,4.931819512774954,1.5780206998104496
torus4_kappa3.0,4.0,15,mean,50,words,7.378873838080922,6.338507661913646,7.453541209259614,1.5780206998104496
torus4_kappa3.0,4.0,15,mean,50,bigrams,5.416723829709189,6.849693274158229,5.6595145781329235,1.5780206998104496
torus4_kappa3.0,4.0,30,single,1,words,8.989775066827223,8.710192180670175,9.263041868231364,1.206186247581215
torus4_kappa3.0,4.0,30,single,1,bigrams,4.774486530235142,,4.693201596625771,1.206186247581215
torus4_kappa3.0,4.0,30,single,5,words,7.841065517434085,,8.057519804840853,1.206186247581215
torus4_kappa3.0,4.0,30,single,5,bigrams,4.826635262927803,7.6870563482857595,4.717012749563489,1.206186247581215
torus4_kappa3.0,4.0,30,single,20,words,7.7403997122529535,8.778276426679716,7.777453258695779,1.206186247581215
torus4_kappa3.0,4.0,30,single,20,bigrams,5.394735877652793,7.224183515260547,5.560351641494458,1.206186247581215
torus4_kappa3.0,4.0,30,single,50,words,7.895704761554656,,7.807386448282123,1.206186247581215
torus4_kappa3.0,4.0,30,single,50,bigrams,5.699826845465394,7.189519479625611,5.860421953988155,1.206186247581215
torus4_kappa3.0,4.0,30,mean,1,words,8.099057630782768,8.483474732289352,7.919950135362973,1.206186247581215
torus4_kappa3.0,4.0,30,mean,1,bigrams,4.626260905402367,7.062488634844727,4.669959995039486,1.206186247581215
torus4_kappa3.0,4.0,30,mean,5,words,7.635170669179185,,7.766116992542052,1.206186247581215
torus4_kappa3.0,4.0,30,mean,5,bigrams,4.668241552718034,7.5235708993384725,4.715619075209775,1.206186247581215
torus4_kappa3.0,4.0,30,mean,20,words,7.629357359749114,6.91328633694053,7.67536026508425,1.206186247581215
torus4_kappa3.0,4.0,30,mean,20,bigrams,4.957740308484395,7.1287448742113115,4.927452267561792,1.206186247581215
torus4_kappa3.0,4.0,30,mean,50,words,7.962666064923931,7.5221338680866365,7.89558787384433,1.206186247581215
torus4_kappa3.0,4.0,30,mean,50,bigrams,5.578925475532455,6.9258104427122635,5.728916860260432,1.206186247581215
torus4_kappa5.0,4.0,0,truth,1,words,4.017541429895519,3.8594421016182765,4.013295729268136,
torus4_kappa5.0,4.0,0,truth,1,bigrams,4.515780704034606,5.039678159103749,4.527002381282014,
torus4_kappa5.0,4.0,15,single,1,words,9.009488112071983,,9.230583264322947,1.7599765657795619
torus4_kappa5.0,4.0,15,single,1,bigrams,4.3208049392150745,7.3876835220643855,3.871193773476852,1.7599765657795619
torus4_kappa5.0,4.0,15,single,5,words,7.228154802387918,,7.305280284005704,1.7599765657795619
torus4_kappa5.0,4.0,15,single,5,bigrams,4.643960803575808,,4.246612108286826,1.7599765657795619
torus4_kappa5.0,4.0,15,single,20,words,6.828342396018818,7.293106882521506,6.885375327900162,1.7599765657795619
torus4_kappa5.0,4.0,15,single,20,bigrams,5.219559799476207,6.873101073570679,5.253552655670557,1.7599765657795619
torus4_kappa5.0,4.0,15,single,50,words,7.625394086954534,6.309441070865718,7.398197063862874,1.7599765657795619
torus4_kappa5.0,4.0,15,single,50,bigrams,5.8367690832783925,7.127540739716654,5.76733188888495,1.7599765657795619
torus4_kappa5.0,4.0,15,mean,1,words,7.615143392394076,8.556663740150363,7.422314258147354,1.7599765657795619
torus4_kappa5.0,4.0,15,mean,1,bigrams,4.288761949116123,7.338032985497138,3.8917267394258084,1.7599765657795619
torus4_kappa5.0,4.0,15,mean,5,words,6.999793487055163,,7.05486302162296,1.7599765657795619
torus4_kappa5.0,4.0,15,mean,5,bigrams,4.479069269295476,6.971797503224926,4.121480891957785,1.7599765657795619
torus4_kappa5.0,4.0,15,mean,20,words,6.699194268885109,7.07842296258389,6.662713179137532,1.7599765657795619
torus4_kappa5.0,4.0,15,mean,20,bigrams,5.108401495440198,6.674055036912066,5.071460355636544,1.7599765657795619
torus4_kappa5.0,4.0,15,mean,50,words,7.266926361796589,,7.138427685500027,1.7599765657795619
torus4_kappa5.0,4.0,15,mean,50,bigrams,5.734871076737346,6.84292921802181,5.667134358101758,1.7599765657795619
torus4_kappa5.0,4.0,30,single,1,words,9.5801358637707,,9.564082268196298,1.3840352834518055
torus4_kappa5.0,4.0,30,single,1,bigrams,4.590811934770178,7.68847987165689,3.964264590660468,1.3840352834518055
torus4_kappa5.0,4.0,30,single,5,words,8.312621574288768,,8.43643823602681,1.3840352834518055
torus4_kappa5.0,4.0,30,single,5,bigrams,4.752787425254072,7.653767403181726,4.269003784490952,1.3840352834518055
torus4_kappa5.0,4.0,30,single,20,words,7.719154085256686,,7.77467858558099,1.3840352834518055
torus4_kappa5.0,4.0,30,single,20,bigrams,5.656704965310795,7.261496464946409,5.370591711261536,1.3840352834518055
torus4_kappa5.0,4.0,30,single,50,words,8.598005795777924,,8.323644670322746,1.3840352834518055
torus4_kappa5.0,4.0,30,single,50,bigrams,6.0312533411814195,7.000639432799119,5.806801094321339,1.3840352834518055
torus4_kappa5.0,4.0,30,mean,1,words,7.194040207680574,7.894085466115306,6.863580709896466,1.3840352834518055
torus4_kappa5.0,4.0,30,mean,1,bigrams,4.350167098957311,7.594390191240115,4.035681260927278,1.3840352834518055
torus4_kappa5.0,4.0,30,mean,5,words,7.816740576493093,,7.926862618038026,1.3840352834518055
torus4_kappa5.0,4.0,30,mean,5,bigrams,4.72421681080612,7.218836728658345,4.213469452748734,1.3840352834518055
torus4_kappa5.0,4.0,30,mean,20,words,7.520762615891189,,7.452184829158297,1.3840352834518055
torus4_kappa5.0,4.0,30,mean,20,bigrams,5.381434534829909,7.499143744441703,5.3013032925789485,1.3840352834518055
torus4_kappa5.0,4.0,30,mean,50,words,8.215635459777694,,7.946125252656783,1.3840352834518055
torus4_kappa5.0,4.0,30,mean,50,bigrams,6.007109442208304,7.00423234271382,6.115486153171384,1.3840352834518055
torus4_vocab18000,4.0,0,truth,1,words,4.014757926122852,4.062006311138603,3.9028064719872266,
torus4_vocab18000,4.0,0,truth,1,bigrams,6.339017458450575,6.075441509578333,6.257465942061381,
torus4_vocab18000,4.0,15,single,1,words,6.703924844017687,6.185828155670019,6.504917116951264,2.079963235858622
torus4_vocab18000,4.0,15,single,1,bigrams,7.1618766756650825,7.883600100943622,7.130884815143169,2.079963235858622
torus4_vocab18000,4.0,15,single,5,words,6.6402584944241045,6.212163226901014,6.342174928225928,2.079963235858622
torus4_vocab18000,4.0,15,single,5,bigrams,7.290193110118424,7.995215036586344,7.311918430115487,2.079963235858622
torus4_vocab18000,4.0,15,single,20,words,6.898301709813105,5.985707137838944,6.600897685917101,2.079963235858622
torus4_vocab18000,4.0,15,single,20,bigrams,7.01319855439029,7.7532358351766115,7.121526393466352,2.079963235858622
torus4_vocab18000,4.0,15,single,50,words,6.760002693263124,5.081174098084814,6.891474667418044,2.079963235858622
torus4_vocab18000,4.0,15,single,50,bigrams,5.679758554235957,5.695014579832485,5.6134829777873065,2.079963235858622
torus4_vocab18000,4.0,15,mean,1,words,6.807792626588893,6.143836332444268,6.4114839124449,2.079963235858622
torus4_vocab18000,4.0,15,mean,1,bigrams,7.143865436897676,7.678621285869227,7.391957756188173,2.079963235858622
torus4_vocab18000,4.0,15,mean,5,words,6.806322269996648,6.208960911627928,6.393641741215547,2.079963235858622
torus4_vocab18000,4.0,15,mean,5,bigrams,6.961182855633555,7.604932297166894,7.359234868044577,2.079963235858622
torus4_vocab18000,4.0,15,mean,20,words,7.0491492938596885,6.284062078719396,6.5662825901669635,2.079963235858622
torus4_vocab18000,4.0,15,mean,20,bigrams,7.14326820554923,7.751184016945394,7.42228397103724,2.079963235858622
torus4_vocab18000,4.0,15,mean,50,words,6.550796057111727,5.266800703987293,6.66468985111088,2.079963235858622
torus4_vocab18000,4.0,15,mean,50,bigrams,5.626663467392299,5.679292816935944,5.727342254350674,2.079963235858622
torus4_vocab18000,4.0,30,single,1,words,6.993705145594799,6.1699991633479305,6.527027512113658,1.7034345642239557
torus4_vocab18000,4.0,30,single,1,bigrams,7.212924676131495,7.450919868836594,7.211610600296883,1.7034345642239557
torus4_vocab18000,4.0,30,single,5,words,6.934475640192204,6.285670890198192,6.5310143600951385,1.7034345642239557
torus4_vocab18000,4.0,30,single,5,bigrams,7.059097537176339,7.694595526545335,7.157590368609773,1.7034345642239557
torus4_vocab18000,4.0,30,single,20,words,7.1939507537557255,5.925838594931808,6.725975227387604,1.7034345642239557
torus4_vocab18000,4.0,30,single,20,bigrams,7.051593701408379,7.4087142967502775,7.088039913763117,1.7034345642239557
torus4_vocab18000,4.0,30,single,50,words,7.054401722547056,5.137038203994042,7.223280489257387,1.7034345642239557
torus4_vocab18000,4.0,30,single,50,bigrams,5.872229693939686,5.69024220870751,5.9047683660413925,1.7034345642239557
torus4_vocab18000,4.0,30,mean,1,words,7.013693205911145,6.221424513168669,6.445584312105018,1.7034345642239557
torus4_vocab18000,4.0,30,mean,1,bigrams,7.051480578656722,7.479951735808967,7.131764123634979,1.7034345642239557
torus4_vocab18000,4.0,30,mean,5,words,7.061134064382424,6.183247382348174,6.603332032251987,1.7034345642239557
torus4_vocab18000,4.0,30,mean,5,bigrams,7.022780731339608,7.633916536184115,7.303212391264826,1.7034345642239557
torus4_vocab18000,4.0,30,mean,20,words,7.144885176635708,5.932799161711407,6.613110582803451,1.7034345642239557
torus4_vocab18000,4.0,30,mean,20,bigrams,6.912787075540962,7.3748628705363615,7.062654598991768,1.7034345642239557
torus4_vocab18000,4.0,30,mean,50,words,7.079446415265083,5.126598928557903,7.155006087361194,1.7034345642239557
torus4_vocab18000,4.0,30,mean,50,bigrams,5.750775432067179,5.6553098383123075,5.805966506672532,1.7034345642239557
torus6,6.0,0,truth,1,words,6.312705508907949,6.590800004225245,6.176952967792932,
torus6,6.0,0,truth,1,bigrams,9.40542613516388,11.043507268081175,9.924708137758273,
torus6,6.0,15,single,1,words,10.72161762084054,9.02803396028164,10.706447416765936,0.30650177787745775
torus6,6.0,15,single,1,bigrams,9.770164107827172,11.993193949993621,9.991092097973105,0.30650177787745775
torus6,6.0,15,single,5,words,10.72161762084054,9.02803396028164,10.706447416765936,0.30650177787745775
torus6,6.0,15,single,5,bigrams,9.770164107827172,11.993193949993621,9.991092097973105,0.30650177787745775
torus6,6.0,15,single,20,words,10.72161762084054,9.02803396028164,10.706447416765936,0.30650177787745775
torus6,6.0,15,single,20,bigrams,9.770164107827172,11.993193949993621,9.991092097973105,0.30650177787745775
torus6,6.0,15,single,50,words,10.710331825686298,8.986456436332112,10.753515723204018,0.30650177787745775
torus6,6.0,15,single,50,bigrams,9.936215941186944,12.028995084239025,10.452628326846181,0.30650177787745775
torus6,6.0,15,mean,1,words,10.47484979625225,8.773101896644425,10.471936273563022,0.30650177787745775
torus6,6.0,15,mean,1,bigrams,9.707910661707732,11.71725625327852,9.875124733540506,0.30650177787745775
torus6,6.0,15,mean,5,words,10.47484979625225,8.773101896644425,10.471936273563022,0.30650177787745775
torus6,6.0,15,mean,5,bigrams,9.707910661707732,11.71725625327852,9.875124733540506,0.30650177787745775
torus6,6.0,15,mean,20,words,10.47484979625225,8.773101896644425,10.471936273563022,0.30650177787745775
torus6,6.0,15,mean,20,bigrams,9.707910661707732,11.71725625327852,9.875124733540506,0.30650177787745775
torus6,6.0,15,mean,50,words,10.467003735272916,8.634524010333614,10.531641171702024,0.30650177787745775
torus6,6.0,15,mean,50,bigrams,9.526682445759354,11.698193642774548,10.09543482865357,0.30650177787745775
torus6,6.0,30,single,1,words,11.487552641327103,8.99489356238502,11.487179100563909,0.49788556865409356
torus6,6.0,30,single,1,bigrams,9.778052617828266,12.193058243506197,10.51162329198333,0.49788556865409356
torus6,6.0,30,single,5,words,11.487552641327103,8.99489356238502,11.487179100563909,0.49788556865409356
torus6,6.0,30,single,5,bigrams,9.778052617828266,12.193058243506197,10.51162329198333,0.49788556865409356
torus6,6.0,30,single,20,words,11.487552641327103,8.99489356238502,11.487179100563909,0.49788556865409356
torus6,6.0,30,single,20,bigrams,9.778052617828266,12.193058243506197,10.51162329198333,0.49788556865409356
torus6,6.0,30,single,50,words,11.47482735126533,9.394275060340476,11.513762471197884,0.49788556865409356
torus6,6.0,30,single,50,bigrams,9.873645210176743,12.163942926397286,10.376217421604867,0.49788556865409356
torus6,6.0,30,mean,1,words,11.156683316633346,9.54985404649611,11.156622327568813,0.49788556865409356
torus6,6.0,30,mean,1,bigrams,9.842128201549663,12.34504045272918,10.457087483846234,0.49788556865409356
torus6,6.0,30,mean,5,words,11.156683316633346,9.54985404649611,11.156622327568813,0.49788556865409356
torus6,6.0,30,mean,5,bigrams,9.842128201549663,12.34504045272918,10.457087483846234,0.49788556865409356
torus6,6.0,30,mean,20,words,11.156683316633346,9.54985404649611,11.156622327568813,0.49788556865409356
torus6,6.0,30,mean,20,bigrams,9.842128201549663,12.34504045272918,10.457087483846234,0.49788556865409356
torus6,6.0,30,mean,50,words,11.148515912715894,9.919868844187416,11.198967376598691,0.49788556865409356
torus6,6.0,30,mean,50,bigrams,9.908087514752493,12.300473978586975,10.605780395365008,0.49788556865409356
torus6_kappa3.0,6.0,0,truth,1,words,5.856575633388781,5.320396847642581,5.819345805903393,
torus6_kappa3.0,6.0,0,truth,1,bigrams,7.540684528203318,9.289830124278215,7.9805546610533575,
torus6_kappa3.0,6.0,15,single,1,words,10.52649809561313,11.376819679788237,10.58199010494264,0.35041092510576577
torus6_kappa3.0,6.0,15,single,1,bigrams,7.811085694822493,11.242318824750523,8.380815319683911,0.35041092510576577
torus6_kappa3.0,6.0,15,single,5,words,10.401912587875264,9.502656872065744,10.390662602237526,0.35041092510576577
torus6_kappa3.0,6.0,15,single,5,bigrams,7.96742392783522,11.019905623849375,8.470533474538428,0.35041092510576577
torus6_kappa3.0,6.0,15,single,20,words,10.295983905661862,9.30297925379253,10.30248433224487,0.35041092510576577
torus6_kappa3.0,6.0,15,single,20,bigrams,8.082325182503235,10.625502486848907,8.549770075215601,0.35041092510576577
torus6_kappa3.0,6.0,15,single,50,words,10.594823551904508,10.621307814932353,10.611862682693038,0.35041092510576577
torus6_kappa3.0,6.0,15,single,50,bigrams,8.508496833579073,10.513459689923474,9.03052827041348,0.35041092510576577
torus6_kappa3.0,6.0,15,mean,1,words,10.504388818334213,11.280973718383354,10.540943797324129,0.35041092510576577
torus6_kappa3.0,6.0,15,mean,1,bigrams,8.172802491694485,11.413124754894518,8.434346070146283,0.35041092510576577
torus6_kappa3.0,6.0,15,mean,5,words,10.37638506520609,,10.419829778005166,0.35041092510576577
torus6_kappa3.0,6.0,15,mean,5,bigrams,8.064081934880559,10.77516082448347,8.31191566953365,0.35041092510576577
torus6_kappa3.0,6.0,15,mean,20,words,10.355778752553745,9.636299908960101,10.385199057685572,0.35041092510576577
torus6_kappa3.0,6.0,15,mean,20,bigrams,7.916798102486856,11.639490366242145,8.698627748525709,0.35041092510576577
torus6_kappa3.0,6.0,15,mean,50,words,10.570621830944422,9.13363392477074,10.573377026269767,0.35041092510576577
torus6_kappa3.0,6.0,15,mean,50,bigrams,8.324651134554129,10.304832698646734,8.854982444587186,0.35041092510576577
torus6_kappa3.0,6.0,30,single,1,words,12.231745183213881,12.077355837406014,12.260342609218739,0.5132114234063103
torus6_kappa3.0,6.0,30,single,1,bigrams,8.165996836873541,,8.526253755970082,0.5132114234063103
torus6_kappa3.0,6.0,30,single,5,words,11.910311150976696,,11.975610602106897,0.5132114234063103
torus6_kappa3.0,6.0,30,single,5,bigrams,8.19108491431286,,8.574103805446658,0.5132114234063103
torus6_kappa3.0,6.0,30,single,20,words,11.541242479161538,11.697389969296864,11.535455584571196,0.5132114234063103
torus6_kappa3.0,6.0,30,single,20,bigrams,8.2695888369711,11.14537430803526,8.60391194548453,0.5132114234063103
torus6_kappa3.0,6.0,30,single,50,words,11.488746074336524,10.982429227920775,11.5387162786261,0.5132114234063103
torus6_kappa3.0,6.0,30,single,50,bigrams,8.627071136690892,,8.706082420315173,0.5132114234063103
torus6_kappa3.0,6.0,30,mean,1,words,11.926834204857956,13.149082139351979,11.961419752346048,0.5132114234063103
torus6_kappa3.0,6.0,30,mean,1,bigrams,8.146993624836048,10.656899470757534,8.351704271347522,0.5132114234063103
torus6_kappa3.0,6.0,30,mean,5,words,11.635431484000865,,11.744338357698894,0.5132114234063103
torus6_kappa3.0,6.0,30,mean,5,bigrams,7.9873548623002195,,8.413055921213964,0.5132114234063103
torus6_kappa3.0,6.0,30,mean,20,words,11.282870554421304,11.625750911295924,11.250650367840382,0.5132114234063103
torus6_kappa3.0,6.0,30,mean,20,bigrams,8.46054978921723,,8.763057062847185,0.5132114234063103
torus6_kappa3.0,6.0,30,mean,50,words,11.209421127914283,10.335542068470666,11.245806335705009,0.5132114234063103
torus6_kappa3.0,6.0,30,mean,50,bigrams,8.429597737109324,10.52449212593941,8.821854672904042,0.5132114234063103
torus6_step2.0,6.0,0,truth,1,words,6.273440958707835,6.5665588225569405,6.244092943834028,
torus6_step2.0,6.0,0,truth,1,bigrams,11.96227013661403,13.39603639738624,12.338870568007676,
torus6_step2.0,6.0,15,single,1,words,11.260427714100906,10.096213281012172,11.326897174601989,0.6705502379147257
torus6_step2.0,6.0,15,single,1,bigrams,13.195746304900721,15.492842284547486,13.622180964950578,0.6705502379147257
torus6_step2.0,6.0,15,single,5,words,11.260427714100906,10.096213281012172,11.326897174601989,0.6705502379147257
torus6_step2.0,6.0,15,single,5,bigrams,13.195746304900721,15.492842284547486,13.622180964950578,0.6705502379147257
torus6_step2.0,6.0,15,single,20,words,11.260427714100906,10.096213281012172,11.326897174601989,0.6705502379147257
torus6_step2.0,6.0,15,single,20,bigrams,13.195746304900721,15.492842284547486,13.622180964950578,0.6705502379147257
torus6_step2.0,6.0,15,single,50,words,11.262230470119203,10.127587922060936,11.336709095865274,0.6705502379147257
torus6_step2.0,6.0,15,single,50,bigrams,13.169024443953138,15.461089606797072,13.569381801040473,0.6705502379147257
torus6_step2.0,6.0,15,mean,1,words,10.87450247636764,10.087615012192423,10.819303384982998,0.6705502379147257
torus6_step2.0,6.0,15,mean,1,bigrams,12.981440710003666,15.192482127484901,13.443829815087426,0.6705502379147257
torus6_step2.0,6.0,15,mean,5,words,10.87450247636764,10.087615012192423,10.819303384982998,0.6705502379147257
torus6_step2.0,6.0,15,mean,5,bigrams,12.981440710003666,15.192482127484901,13.443829815087426,0.6705502379147257
torus6_step2.0,6.0,15,mean,20,words,10.87450247636764,10.087615012192423,10.819303384982998,0.6705502379147257
torus6_step2.0,6.0,15,mean,20,bigrams,12.981440710003666,15.192482127484901,13.443829815087426,0.6705502379147257
torus6_step2.0,6.0,15,mean,50,words,10.871834424375521,10.15558018396993,10.809236562885523,0.6705502379147257
torus6_step2.0,6.0,15,mean,50,bigrams,13.421460480296147,15.230481209267415,14.362814727377149,0.6705502379147257
torus6_step2.0,6.0,30,single,1,words,18.528173377715273,16.661914174947533,18.461259107468756,0.9482559596165531
torus6_step2.0,6.0,30,single,1,bigrams,12.637635028560366,17.613645949626527,13.339970952868704,0.9482559596165531
torus6_step2.0,6.0,30,single,5,words,18.528173377715273,16.661914174947533,18.461259107468756,0.9482559596165531
torus6_step2.0,6.0,30,single,5,bigrams,12.637635028560366,17.613645949626527,13.339970952868704,0.9482559596165531
torus6_step2.0,6.0,30,single,20,words,18.528173377715273,16.661914174947533,18.461259107468756,0.9482559596165531
torus6_step2.0,6.0,30,single,20,bigrams,12.637635028560366,17.613645949626527,13.339970952868704,0.9482559596165531
torus6_step2.0,6.0,30,single,50,words,18.525608009159665,17.450719424167385,18.43684487620873,0.9482559596165531
torus6_step2.0,6.0,30,single,50,bigrams,12.54047721193062,,13.83639864769312,0.9482559596165531
torus6_step2.0,6.0,30,mean,1,words,16.35290367554578,14.099929183834522,16.45984409347468,0.9482559596165531
torus6_step2.0,6.0,30,mean,1,bigrams,13.050930232286944,17.700925254183687,14.166368029228204,0.9482559596165531
torus6_step2.0,6.0,30,mean,5,words,16.35290367554578,14.099929183834522,16.45984409347468,0.9482559596165531
torus6_step2.0,6.0,30,mean,5,bigrams,13.050930232286944,17.700925254183687,14.166368029228204,0.9482559596165531
torus6_step2.0,6.0,30,mean,20,words,16.35290367554578,14.099929183834522,16.45984409347468,0.9482559596165531
torus6_step2.0,6.0,30,mean,20,bigrams,13.050930232286944,17.700925254183687,14.166368029228204,0.9482559596165531
torus6_step2.0,6.0,30,mean,50,words,16.344901821702663,14.35913839095557,16.42942105159183,0.9482559596165531
torus6_step2.0,6.0,30,mean,50,bigrams,12.960700903942397,17.34792259684846,14.320017737866142,0.9482559596165531
torus8,8.0,0,truth,1,words,8.413536114644039,9.69696265989532,8.420136895761832,
torus8,8.0,0,truth,1,bigrams,12.342544069573405,15.200161001326506,12.91441786361319,
torus8,8.0,15,single,1,words,12.499637528332206,11.151358493353337,12.498201113191358,0.6197149538107944
torus8,8.0,15,single,1,bigrams,12.302623612743798,15.52827199423208,13.141448810435934,0.6197149538107944
torus8,8.0,15,single,5,words,12.499637528332206,11.151358493353337,12.498201113191358,0.6197149538107944
torus8,8.0,15,single,5,bigrams,12.302623612743798,15.52827199423208,13.141448810435934,0.6197149538107944
torus8,8.0,15,single,20,words,12.499637528332206,11.151358493353337,12.498201113191358,0.6197149538107944
torus8,8.0,15,single,20,bigrams,12.302623612743798,15.52827199423208,13.141448810435934,0.6197149538107944
torus8,8.0,15,single,50,words,12.499637528332206,11.151358493353337,12.498201113191358,0.6197149538107944
torus8,8.0,15,single,50,bigrams,12.302623612743798,15.52827199423208,13.141448810435934,0.6197149538107944
torus8,8.0,15,mean,1,words,12.28107878107953,11.23590558575868,12.281751499091461,0.6197149538107944
torus8,8.0,15,mean,1,bigrams,12.316260586479702,15.220858570667273,13.223252084095357,0.6197149538107944
torus8,8.0,15,mean,5,words,12.28107878107953,11.23590558575868,12.281751499091461,0.6197149538107944
torus8,8.0,15,mean,5,bigrams,12.316260586479702,15.220858570667273,13.223252084095357,0.6197149538107944
torus8,8.0,15,mean,20,words,12.28107878107953,11.23590558575868,12.281751499091461,0.6197149538107944
torus8,8.0,15,mean,20,bigrams,12.316260586479702,15.220858570667273,13.223252084095357,0.6197149538107944
torus8,8.0,15,mean,50,words,12.28107878107953,11.23590558575868,12.281751499091461,0.6197149538107944
torus8,8.0,15,mean,50,bigrams,12.316260586479702,15.220858570667273,13.223252084095357,0.6197149538107944
torus8,8.0,30,single,1,words,14.490164607318508,13.448515479555317,14.547740975068162,0.4934021639236893
torus8,8.0,30,single,1,bigrams,12.23242160671661,15.767109793252732,13.379167762942938,0.4934021639236893
torus8,8.0,30,single,5,words,14.490164607318508,13.448515479555317,14.547740975068162,0.4934021639236893
torus8,8.0,30,single,5,bigrams,12.23242160671661,15.767109793252732,13.379167762942938,0.4934021639236893
torus8,8.0,30,single,20,words,14.490164607318508,13.448515479555317,14.547740975068162,0.4934021639236893
torus8,8.0,30,single,20,bigrams,12.23242160671661,15.767109793252732,13.379167762942938,0.4934021639236893
torus8,8.0,30,single,50,words,14.490164607318508,13.448515479555317,14.547740975068162,0.4934021639236893
torus8,8.0,30,single,50,bigrams,12.23242160671661,15.767109793252732,13.379167762942938,0.4934021639236893
torus8,8.0,30,mean,1,words,14.110347211844848,13.270358320047245,14.117441586624572,0.4934021639236893
torus8,8.0,30,mean,1,bigrams,12.460857863583543,15.91063560033395,13.125697730151634,0.4934021639236893
torus8,8.0,30,mean,5,words,14.110347211844848,13.270358320047245,14.117441586624572,0.4934021639236893
torus8,8.0,30,mean,5,bigrams,12.460857863583543,15.91063560033395,13.125697730151634,0.4934021639236893
torus8,8.0,30,mean,20,words,14.110347211844848,13.270358320047245,14.117441586624572,0.4934021639236893
torus8,8.0,30,mean,20,bigrams,12.460857863583543,15.91063560033395,13.125697730151634,0.4934021639236893
torus8,8.0,30,mean,50,words,14.110347211844848,13.270358320047245,14.117441586624572,0.4934021639236893
torus8,8.0,30,mean,50,bigrams,12.460857863583543,15.91063560033395,13.125697730151634,0.4934021639236893
war_and_peace,,15,single,1,words,13.142490539569248,,13.007298509521867,1.7658823331002567
war_and_peace,,15,single,1,bigrams,6.62708807106867,6.984774397437949,5.687482627235003,1.7658823331002567
war_and_peace,,15,single,5,words,12.278137875402754,,12.24836342026105,1.7658823331002567
war_and_peace,,15,single,5,bigrams,7.318419475986562,6.999939445885145,6.6254473944224905,1.7658823331002567
war_and_peace,,15,single,20,words,10.853016340931106,,10.558253446523452,1.7658823331002567
war_and_peace,,15,single,20,bigrams,8.054337637892276,7.862626520383717,7.779598122030009,1.7658823331002567
war_and_peace,,15,single,50,words,9.626129963157428,,9.527962422387795,1.7658823331002567
war_and_peace,,15,single,50,bigrams,7.721344324752204,7.620848428263316,7.725045446655798,1.7658823331002567
war_and_peace,,15,mean,1,words,11.573540041308581,11.176927810311918,11.17294160731246,1.7658823331002567
war_and_peace,,15,mean,1,bigrams,6.736397478513764,7.515199511388974,6.340819368206572,1.7658823331002567
war_and_peace,,15,mean,5,words,11.934090494745863,,11.691241968688349,1.7658823331002567
war_and_peace,,15,mean,5,bigrams,7.276010467285157,7.234102436190797,6.736566322750052,1.7658823331002567
war_and_peace,,15,mean,20,words,10.217288948188775,,10.121957547824739,1.7658823331002567
war_and_peace,,15,mean,20,bigrams,7.655348181446094,7.697946879614691,7.510165988865472,1.7658823331002567
war_and_peace,,15,mean,50,words,9.131564806672749,,9.228266458598167,1.7658823331002567
war_and_peace,,15,mean,50,bigrams,7.575995832049119,7.987059826926656,7.471200500783921,1.7658823331002567
war_and_peace,,30,single,1,words,17.56225652151807,,16.992379747899562,1.5182660278329279
war_and_peace,,30,single,1,bigrams,7.32213933407481,6.521077550428338,6.834489037022841,1.5182660278329279
war_and_peace,,30,single,5,words,18.058718330946945,,17.69481564402122,1.5182660278329279
war_and_peace,,30,single,5,bigrams,8.21422576053585,6.923875974118349,6.890400340847948,1.5182660278329279
war_and_peace,,30,single,20,words,15.420394163546279,,14.96762778346723,1.5182660278329279
war_and_peace,,30,single,20,bigrams,9.451807350743332,7.636049750452227,8.541287557196181,1.5182660278329279
war_and_peace,,30,single,50,words,13.56705814277572,,13.089131747797914,1.5182660278329279
war_and_peace,,30,single,50,bigrams,10.240118774454135,7.90194479578744,9.47012817703614,1.5182660278329279
war_and_peace,,30,mean,1,words,15.154658100369764,14.968436855173199,13.30822456715224,1.5182660278329279
war_and_peace,,30,mean,1,bigrams,7.048781613868091,6.640195700165556,7.145421573928202,1.5182660278329279
war_and_peace,,30,mean,5,words,17.720535420605902,,16.94522743443668,1.5182660278329279
war_and_peace,,30,mean,5,bigrams,8.117236766858708,6.789099226350919,6.841979004356328,1.5182660278329279
war_and_peace,,30,mean,20,words,14.92398096508278,,14.474699828053051,1.5182660278329279
war_and_peace,,30,mean,20,bigrams,9.09773897519162,7.541210111179856,8.18477988363683,1.5182660278329279
war_and_peace,,30,mean,50,words,13.584776756005137,,13.637200170358511,1.5182660278329279
war_and_peace,,30,mean,50,bigrams,9.803050463384507,7.776072418786459,9.088688273719487,1.5182660278329279
