frame,mc,d,n,N,schw_min,schw_max,ladders_ok,twonn,fishers,hid_min,hid_max,p1
competition,1,10,1,6108,8.955,9.005,1,8.698,5.377,7.624,9.039,0.502
competition,1,10,2,10000,9.038,9.661,1,7.129,10.839,5.963,7.703,0.480
competition,1,15,1,6108,,,0,10.944,7.105,9.993,11.206,0.518
competition,1,15,2,10000,8.222,10.406,2,7.930,11.213,6.815,7.255,0.539
competition,1,20,1,6108,,,0,12.933,8.520,9.889,13.182,0.517
competition,1,20,2,10000,8.745,9.963,2,8.266,11.476,6.415,8.111,0.534
competition,1,30,1,6108,,,0,14.780,9.953,9.133,19.210,0.469
competition,1,30,2,10000,8.954,9.957,2,8.853,11.774,6.819,7.418,0.548
competition,1,5,1,6108,4.343,4.737,2,4.620,2.759,4.336,5.016,0.489
competition,1,5,2,10000,6.074,6.981,2,5.485,7.439,5.394,5.664,0.504
competition,5,10,1,3684,8.205,8.477,1,7.767,7.766,6.974,8.231,0.486
competition,5,10,2,10000,8.765,9.662,1,7.217,11.288,7.331,7.337,0.502
competition,5,15,1,3684,,,0,10.615,10.304,8.002,11.369,0.450
competition,5,15,2,10000,8.896,10.114,2,8.214,12.160,7.802,8.043,0.538
competition,5,20,1,3684,,,0,12.266,11.447,7.927,14.574,0.437
competition,5,20,2,10000,,,0,8.810,12.385,8.050,8.081,0.482
competition,5,30,1,3684,,,0,14.759,12.358,7.904,19.427,0.399
competition,5,30,2,10000,8.525,10.015,2,9.493,12.465,7.489,7.792,0.438
competition,5,5,1,3684,4.476,4.750,2,4.366,3.720,4.061,4.587,0.500
competition,5,5,2,10000,6.353,7.499,2,5.579,7.544,5.370,5.887,0.493
cooperation,1,10,1,5966,,,0,8.437,5.628,7.536,9.171,0.513
cooperation,1,10,2,10000,7.964,9.372,2,7.049,10.797,6.695,7.184,0.498
cooperation,1,15,1,5966,,,0,10.903,7.984,8.651,11.645,0.475
cooperation,1,15,2,10000,8.753,9.535,1,7.748,11.396,6.905,7.009,0.458
cooperation,1,20,1,5966,,,0,12.787,9.428,9.559,12.986,0.517
cooperation,1,20,2,10000,7.762,9.478,2,8.273,11.715,6.689,7.664,0.528
cooperation,1,30,1,5966,,,0,14.653,11.140,9.326,15.068,0.510
cooperation,1,30,2,10000,7.908,9.687,2,8.860,11.886,6.590,7.678,0.547
cooperation,1,5,1,5966,4.597,5.336,1,4.731,2.924,4.592,4.736,0.513
cooperation,1,5,2,10000,6.073,6.965,2,5.458,7.396,5.682,5.774,0.523
cooperation,5,10,1,3765,9.159,9.471,1,7.887,7.986,6.999,7.794,0.504
cooperation,5,10,2,10000,8.820,10.019,2,7.389,11.416,7.284,7.403,0.493
cooperation,5,15,1,3765,,,0,10.232,10.547,7.896,10.367,0.531
cooperation,5,15,2,10000,8.601,9.782,2,7.920,12.181,7.228,8.100,0.513
cooperation,5,20,1,3765,,,0,11.903,11.732,6.969,13.991,0.433
cooperation,5,20,2,10000,8.491,10.021,2,8.732,12.288,7.916,8.139,0.463
cooperation,5,30,1,3765,,,0,14.125,12.740,8.344,17.909,0.550
cooperation,5,30,2,10000,8.708,9.668,2,9.400,12.447,7.869,8.826,0.550
cooperation,5,5,1,3765,4.111,5.042,2,4.380,3.802,4.298,4.510,0.500
cooperation,5,5,2,10000,6.265,7.499,2,5.464,7.592,5.688,5.818,0.506
neutral,1,10,1,6365,,,0,8.752,5.171,7.654,9.419,0.498
neutral,1,10,2,10000,8.036,9.826,2,6.981,10.688,6.769,6.879,0.479
neutral,1,15,1,6365,,,0,11.551,6.854,10.020,12.385,0.508
neutral,1,15,2,10000,8.146,10.288,2,7.783,11.193,6.399,7.392,0.534
neutral,1,20,1,6365,,,0,13.567,8.611,10.976,13.163,0.514
neutral,1,20,2,10000,8.794,9.486,1,8.377,11.653,6.731,7.389,0.470
neutral,1,30,1,6365,,,0,16.160,10.693,10.819,17.098,0.500
neutral,1,30,2,10000,8.342,9.699,2,8.733,11.729,6.938,6.989,0.547
neutral,1,5,1,6365,4.154,5.085,2,4.616,2.602,4.382,4.863,0.502
neutral,1,5,2,10000,6.183,6.949,2,5.617,7.387,5.478,5.972,0.501
neutral,5,10,1,3824,,,0,8.076,7.573,7.761,7.822,0.481
neutral,5,10,2,10000,8.736,9.980,1,7.343,11.491,7.315,7.361,0.493
neutral,5,15,1,3824,11.683,12.171,1,11.168,10.377,9.427,11.115,0.454
neutral,5,15,2,10000,8.752,9.747,1,7.978,12.138,7.597,7.612,0.456
neutral,5,20,1,3824,,,0,12.871,11.461,8.611,15.257,0.436
neutral,5,20,2,10000,8.601,9.954,2,8.627,12.209,7.512,8.316,0.515
neutral,5,30,1,3824,,,0,15.550,13.112,8.804,19.044,0.382
neutral,5,30,2,10000,9.269,10.046,2,9.198,12.459,7.619,8.077,0.559
neutral,5,5,1,3824,4.423,4.710,2,4.307,3.667,4.193,4.431,0.506
neutral,5,5,2,10000,6.391,7.492,2,5.580,7.572,5.633,5.831,0.516
