obj,m,tw15n1,hd15n1,tw15n2,hd15n2,tw30n1,hd30n1,tw30n2,hd30n2,tw50n1,hd50n1,tw50n2,hd50n2,slope_k1,slope_k4,E2k2,cls,pred_tw30n2,pred_tw30n1
carpet,1.892789260714372,3.815,3.807,3.947,3.833,3.765,3.702,3.936,3.979,3.753,3.798,3.914,3.927,9.148,10.797,0.7724,det,2.64,2.42
gasket,1.5849625007211563,3.284,3.305,3.477,3.305,3.197,3.159,3.436,3.36,3.161,3.145,3.323,3.213,9.494,13.861,0.7814,det,2.11,1.93
l96_10,6.553599610725433,7.448,7.381,6.591,7.09,7.647,7.649,6.647,6.808,7.703,7.286,6.83,7.22,7.401,9.373,0.8798,det,5.6,6.67
l96_6,4.043223192398322,5.048,5.036,4.962,5.363,5.096,5.102,5.096,5.33,5.144,5.243,5.039,5.292,6.793,6.866,0.769,det,3.93,3.57
lorenz,2.06,3.87,3.848,3.21,3.258,3.979,4.048,3.381,3.499,3.973,3.877,3.261,3.586,6.274,6.41,0.6354,det,1.96,2.62
mfgasket,1.5849625007211563,2.753,2.679,3.065,2.864,2.702,2.678,3.115,2.811,2.7,2.688,3.11,3.068,4.942,4.086,0.9336,sto,1.28,0.97
rossler,2.013181628789655,3.419,3.517,3.128,3.306,3.44,3.571,3.139,3.366,3.423,3.534,3.101,3.374,7.014,7.201,0.6813,det,1.67,2.08
simplex4,2.321928094887362,3.454,3.489,3.528,3.533,3.388,3.379,3.458,3.53,3.376,3.403,3.518,3.7,7.586,11.85,0.8587,det,2.01,1.98
simplex7,3.0,3.54,3.576,3.869,3.968,3.463,3.486,3.932,3.998,3.442,3.424,3.908,4.013,7.929,11.533,0.8528,det,2.5,1.98
sphere12,12.0,13.89,13.76,12.84,13.2,17.22,17.31,12.42,12.7,18.55,18.46,12.27,13.24,12.459,27.824,1.0084,sto,9.37,9.22
sphere4,4.0,7.866,7.783,6.499,6.681,8.316,8.377,6.574,7.081,8.459,8.266,6.554,6.846,5.194,7.753,0.9704,sto,4.04,4.42
sphere8,8.0,11.83,11.66,10.55,10.86,12.75,12.42,10.71,10.98,12.88,12.77,10.89,11.33,8.365,17.212,1.0009,sto,7.95,6.83
sponge,2.7268330278608417,4.24,4.118,4.283,4.39,4.109,4.093,4.225,4.227,4.111,3.831,4.189,4.401,8.143,8.948,0.7505,det,2.9,2.67
tetra,2.0,3.325,3.36,3.478,3.447,3.333,3.215,3.326,3.407,3.308,3.301,3.372,3.436,8.737,12.502,0.8183,det,1.9,1.97
torus10,10.0,12.42,12.1,13.19,13.37,18.73,18.05,13.0,13.4,22.21,21.55,12.16,11.98,15.37,35.826,0.9994,sto,10.52,10.7
torus12,12.0,12.8,12.81,13.42,13.74,22.04,21.71,12.51,12.36,29.22,28.93,12.48,12.08,16.551,36.967,0.9982,sto,9.48,12.81
torus2,2.0,4.867,4.799,4.097,4.316,5.003,4.948,4.112,4.272,5.024,5.01,4.107,4.233,6.632,6.155,0.9346,sto,2.15,2.71
torus4,4.0,8.115,8.166,6.768,6.957,8.495,8.418,6.892,7.438,8.743,8.763,6.775,7.146,5.546,8.793,0.9827,sto,4.35,4.54
torus6,6.0,10.72,10.69,9.77,9.666,11.49,11.37,9.778,10.28,11.64,11.64,9.736,10.48,8.557,18.049,1.0022,sto,7.15,6.23
torus8,8.0,12.5,12.26,12.3,12.71,14.49,14.32,12.23,13.05,14.79,14.87,12.38,12.73,11.724,27.723,0.9962,sto,9.92,7.99
