m,walk,emb,d,n,N,schw_min,schw_max,twonn,fishers,hid_min,hid_max
2,dist,cbow_nb,10,1,4581,3.80,4.51,3.68,5.46,2.21,6.44
2,dist,cbow_nb,10,2,10000,6.03,7.09,5.74,9.09,5.55,5.7
2,dist,cbow_nb,15,1,4581,4.39,4.80,3.64,5.91,2.17,7.1
2,dist,cbow_nb,15,2,10000,6.16,7.16,5.84,9.25,5.45,5.7
2,dist,cbow_nb,2,1,4581,1.75,2.02,2.0,1.71,2.0,2.03
2,dist,cbow_nb,2,2,10000,3.20,3.61,3.65,1.89,3.61,3.76
2,dist,cbow_nb,5,1,4581,3.26,3.71,3.54,4.07,2.59,4.76
2,dist,cbow_nb,5,2,10000,5.56,5.71,5.17,6.05,4.57,5.7
2,dist,cbow_wap,10,1,4581,4.52,4.96,4.94,5.32,4.33,4.6
2,dist,cbow_wap,10,2,10000,6.86,7.27,6.73,9.38,6.62,6.62
2,dist,cbow_wap,15,1,4581,5.25,5.82,5.46,6.63,4.83,5.19
2,dist,cbow_wap,15,2,10000,7.98,11.76,7.39,11.08,7.18,7.66
2,dist,cbow_wap,2,1,4581,1.74,2.05,1.99,0.92,1.97,2.02
2,dist,cbow_wap,2,2,10000,2.67,3.23,3.57,1.89,3.28,3.6
2,dist,cbow_wap,5,1,4581,3.56,3.75,3.54,3.35,3.13,3.73
2,dist,cbow_wap,5,2,10000,5.39,5.89,5.35,6.01,5.11,5.15
2,dist,svd,10,1,4581,5.00,5.56,6.25,2.09,3.04,8.02
2,dist,svd,10,2,10000,,,6.66,3.72,3.71,9.66
2,dist,svd,15,1,4581,5.71,6.26,6.95,3.86,2.72,9.26
2,dist,svd,15,2,10000,,,7.24,7.0,3.68,11.41
2,dist,svd,2,1,4581,1.79,1.97,2.0,0.63,1.78,2.11
2,dist,svd,2,2,10000,3.79,3.80,3.65,0.8,3.31,3.6
2,dist,svd,5,1,4581,3.95,4.69,4.37,1.06,2.97,5.02
2,dist,svd,5,2,10000,,,6.28,1.74,3.95,7.63
2,dist,truth,2,1,4581,1.89,1.99,2.04,1.95,2.03,2.05
2,dist,truth,2,2,10000,3.66,4.20,3.69,1.95,3.6,3.88
2,eps,cbow_nb,10,1,4573,2.62,2.69,2.91,6.83,2.97,3.03
2,eps,cbow_nb,10,2,10000,3.00,3.20,2.96,6.42,3.07,3.22
2,eps,cbow_nb,15,1,4573,2.55,2.60,2.93,6.92,3.01,3.02
2,eps,cbow_nb,15,2,10000,2.79,3.75,2.95,6.44,2.98,3.19
2,eps,cbow_nb,2,1,4573,1.89,2.04,2.07,1.59,1.92,2.17
2,eps,cbow_nb,2,2,10000,2.85,3.40,3.35,1.62,3.22,3.35
2,eps,cbow_nb,5,1,4573,3.13,3.31,3.34,4.74,3.25,3.45
2,eps,cbow_nb,5,2,10000,3.58,4.31,3.06,4.78,3.28,3.29
2,eps,cbow_wap,10,1,4575,2.61,2.81,2.81,6.72,2.87,2.89
2,eps,cbow_wap,10,2,10000,2.92,3.43,3.02,6.34,3.27,3.27
2,eps,cbow_wap,15,1,4575,2.59,2.66,2.91,6.98,2.86,3.11
2,eps,cbow_wap,15,2,10000,2.97,3.12,2.96,6.54,3.2,3.24
2,eps,cbow_wap,2,1,4575,1.80,1.99,2.04,1.39,1.87,2.22
2,eps,cbow_wap,2,2,10000,2.50,2.70,2.93,1.43,2.91,2.95
2,eps,cbow_wap,5,1,4575,2.92,3.33,2.88,4.06,2.79,3.01
2,eps,cbow_wap,5,2,10000,3.39,3.88,2.89,4.08,3.09,3.1
2,eps,svd,10,1,4575,1.49,2.13,2.59,2.37,2.43,2.67
2,eps,svd,10,2,10000,2.09,2.97,2.67,2.36,2.56,2.99
2,eps,svd,15,1,4575,1.56,2.27,2.83,3.29,2.78,2.86
2,eps,svd,15,2,10000,2.14,2.95,2.67,3.2,2.5,2.85
2,eps,svd,2,1,4575,0.96,0.96,0.98,0.51,0.95,1.0
2,eps,svd,2,2,10000,1.82,1.96,1.8,0.5,1.88,1.89
2,eps,svd,5,1,4575,,,2.18,0.92,2.08,2.21
2,eps,svd,5,2,10000,2.25,2.59,2.58,0.93,2.55,2.7
2,eps,truth,2,1,4575,1.91,2.04,2.04,1.95,2.03,2.06
2,eps,truth,2,2,10000,2.40,2.56,2.43,1.94,2.48,2.81
3,dist,cbow_nb,10,1,4755,4.88,5.79,6.36,4.28,5.89,6.53
3,dist,cbow_nb,10,2,10000,6.08,7.49,7.4,7.03,6.87,7.31
3,dist,cbow_nb,15,1,4755,,,7.53,4.26,6.39,7.73
3,dist,cbow_nb,15,2,10000,5.62,7.59,7.79,6.62,7.45,7.53
3,dist,cbow_nb,2,1,4755,2.07,2.11,2.06,0.92,1.98,2.13
3,dist,cbow_nb,2,2,10000,3.38,3.55,3.75,1.87,3.46,3.68
3,dist,cbow_nb,5,1,4755,3.77,4.15,4.39,3.36,4.37,4.39
3,dist,cbow_nb,5,2,10000,6.19,6.84,6.21,6.27,6.0,6.23
3,dist,cbow_wap,10,1,4755,5.33,5.95,6.48,5.17,6.23,6.51
3,dist,cbow_wap,10,2,10000,7.60,8.42,7.98,9.44,7.65,7.75
3,dist,cbow_wap,15,1,4755,6.53,7.59,8.03,6.74,7.74,8.01
3,dist,cbow_wap,15,2,10000,8.93,10.05,9.11,12.05,8.65,8.94
3,dist,cbow_wap,2,1,4755,1.67,1.85,2.04,0.92,1.98,2.05
3,dist,cbow_wap,2,2,10000,2.45,2.73,3.22,1.85,3.04,3.07
3,dist,cbow_wap,5,1,4755,3.32,3.95,3.78,3.63,3.72,3.76
3,dist,cbow_wap,5,2,10000,5.77,6.42,6.13,6.63,5.68,5.99
3,dist,svd,10,1,4755,7.67,7.67,8.32,5.91,6.78,8.59
3,dist,svd,10,2,10000,8.33,10.04,9.15,8.73,6.9,11.58
3,dist,svd,15,1,4755,,,10.76,7.6,7.49,11.86
3,dist,svd,15,2,10000,8.70,9.97,8.61,10.3,5.77,12.31
3,dist,svd,2,1,4755,1.60,1.98,2.07,0.86,2.04,2.05
3,dist,svd,2,2,10000,3.91,4.08,3.9,1.77,3.77,3.79
3,dist,svd,5,1,4755,4.09,4.82,4.84,3.04,4.69,4.8
3,dist,svd,5,2,10000,7.04,7.74,7.29,5.23,6.86,7.21
3,dist,truth,3,1,4755,2.76,2.97,2.88,2.92,2.91,2.93
3,dist,truth,3,2,10000,5.36,5.73,5.37,5.51,5.33,5.53
3,eps,cbow_nb,10,1,4755,3.27,3.37,3.67,6.54,3.7,3.76
3,eps,cbow_nb,10,2,10000,4.11,4.32,3.88,5.76,3.86,4.24
3,eps,cbow_nb,15,1,4755,3.18,3.30,3.74,6.66,3.78,3.85
3,eps,cbow_nb,15,2,10000,4.15,4.28,3.84,5.96,4.08,4.22
3,eps,cbow_nb,2,1,4755,1.84,1.99,2.02,1.66,1.94,2.12
3,eps,cbow_nb,2,2,10000,2.71,2.99,3.29,1.67,3.22,3.36
3,eps,cbow_nb,5,1,4755,3.38,3.53,3.62,4.71,3.59,3.73
3,eps,cbow_nb,5,2,10000,4.36,4.93,3.84,3.95,4.09,4.09
3,eps,cbow_wap,10,1,4755,3.22,3.44,3.65,6.36,3.64,3.65
3,eps,cbow_wap,10,2,10000,4.14,4.41,3.98,6.07,4.14,4.41
3,eps,cbow_wap,15,1,4755,3.44,3.61,3.88,6.78,3.69,4.14
3,eps,cbow_wap,15,2,10000,4.23,4.38,4.03,6.47,4.06,4.58
3,eps,cbow_wap,2,1,4755,1.65,1.83,2.04,1.48,1.98,2.1
3,eps,cbow_wap,2,2,10000,2.39,2.77,2.9,1.49,2.62,2.98
3,eps,cbow_wap,5,1,4755,3.30,3.52,3.41,4.02,3.29,3.54
3,eps,cbow_wap,5,2,10000,4.18,4.65,3.69,4.01,3.87,4.03
3,eps,svd,10,1,4755,4.10,4.69,5.26,3.52,5.04,5.47
3,eps,svd,10,2,10000,3.70,5.37,4.59,3.46,4.76,4.84
3,eps,svd,15,1,4755,4.04,5.16,5.95,4.28,5.67,6.2
3,eps,svd,15,2,10000,4.20,5.53,4.77,4.16,4.91,4.96
3,eps,svd,2,1,4755,1.84,2.29,2.07,0.92,2.02,2.11
3,eps,svd,2,2,10000,3.24,3.84,3.56,0.92,3.36,3.87
3,eps,svd,5,1,4755,2.88,3.84,4.1,2.67,3.89,4.34
3,eps,svd,5,2,10000,3.57,4.80,4.2,2.65,4.09,4.45
3,eps,truth,3,1,4755,2.76,2.97,2.88,2.92,2.91,2.93
3,eps,truth,3,2,10000,3.75,3.83,3.4,2.9,3.57,3.86
4,dist,cbow_nb,10,1,4979,8.28,8.69,8.7,4.65,8.59,8.75
4,dist,cbow_nb,10,2,10000,9.77,11.83,10.98,7.36,11.08,11.13
4,dist,cbow_nb,15,1,4979,9.74,12.04,12.28,5.26,12.11,12.23
4,dist,cbow_nb,15,2,10000,13.14,15.30,12.26,6.94,11.18,14.39
4,dist,cbow_nb,2,1,4979,1.96,2.03,2.02,0.92,1.98,2.07
4,dist,cbow_nb,2,2,10000,2.58,3.17,3.61,1.96,3.26,3.83
4,dist,cbow_nb,5,1,4979,4.13,4.52,4.45,3.91,4.32,4.53
4,dist,cbow_nb,5,2,10000,5.83,7.81,7.18,7.69,7.1,7.29
4,dist,cbow_wap,10,1,4979,6.56,7.52,7.41,6.27,7.26,7.54
4,dist,cbow_wap,10,2,10000,9.32,10.63,10.05,11.67,9.79,9.92
4,dist,cbow_wap,15,1,4979,8.94,9.92,10.38,8.95,10.12,10.66
4,dist,cbow_wap,15,2,10000,12.29,13.30,11.84,15.18,11.28,11.78
4,dist,cbow_wap,2,1,4979,1.85,2.02,2.03,0.92,1.98,2.09
4,dist,cbow_wap,2,2,10000,2.37,2.55,3.15,1.95,2.81,3.07
4,dist,cbow_wap,5,1,4979,3.93,4.16,3.91,3.82,3.87,3.9
4,dist,cbow_wap,5,2,10000,6.44,6.74,6.82,7.24,6.9,6.99
4,dist,svd,10,1,4979,7.42,8.03,8.81,6.86,7.94,9.15
4,dist,svd,10,2,10000,8.84,9.16,7.61,9.43,6.01,10.82
4,dist,svd,15,1,4979,8.23,8.82,10.62,7.77,9.66,10.93
4,dist,svd,15,2,10000,9.41,9.51,7.43,10.83,6.11,10.75
4,dist,svd,2,1,4979,1.99,2.12,2.04,0.9,1.99,2.1
4,dist,svd,2,2,10000,3.23,3.98,3.84,1.9,3.7,3.84
4,dist,svd,5,1,4979,4.71,4.87,4.87,3.8,4.76,5.1
4,dist,svd,5,2,10000,7.15,7.43,7.07,6.61,6.31,7.99
4,dist,truth,4,1,4979,3.72,3.94,3.89,3.87,3.83,3.97
4,dist,truth,4,2,10000,6.92,7.52,6.82,7.49,6.7,7.36
4,eps,cbow_nb,10,1,4977,4.09,4.25,4.39,5.94,4.34,4.56
4,eps,cbow_nb,10,2,10000,5.15,5.77,4.67,5.76,4.94,5.06
4,eps,cbow_nb,15,1,4977,4.09,4.22,4.51,6.77,4.53,4.55
4,eps,cbow_nb,15,2,10000,5.18,5.71,4.64,6.06,4.77,5.38
4,eps,cbow_nb,2,1,4977,1.89,1.98,1.99,1.64,1.93,2.01
4,eps,cbow_nb,2,2,10000,2.80,3.16,3.49,1.64,3.36,3.43
4,eps,cbow_nb,5,1,4977,3.68,3.95,3.83,4.66,3.84,3.85
4,eps,cbow_nb,5,2,10000,5.26,5.86,4.59,3.89,4.63,4.79
4,eps,cbow_wap,10,1,4977,4.00,4.32,4.45,6.43,4.26,4.72
4,eps,cbow_wap,10,2,10000,5.13,5.54,4.9,6.15,5.16,5.36
4,eps,cbow_wap,15,1,4977,4.16,4.42,4.78,6.98,4.78,4.81
4,eps,cbow_wap,15,2,10000,5.35,5.72,4.99,6.63,5.29,5.48
4,eps,cbow_wap,2,1,4977,1.67,1.85,1.99,1.52,1.84,2.12
4,eps,cbow_wap,2,2,10000,2.36,2.78,3.06,1.5,2.77,2.89
4,eps,cbow_wap,5,1,4977,3.65,3.87,3.73,3.97,3.68,3.76
4,eps,cbow_wap,5,2,10000,5.01,5.45,4.68,3.95,4.73,4.89
4,eps,svd,10,1,4977,5.90,6.82,7.22,4.78,7.14,7.23
4,eps,svd,10,2,10000,6.30,7.39,5.77,7.24,6.24,6.24
4,eps,svd,15,1,4977,6.66,7.68,8.29,5.67,8.18,8.25
4,eps,svd,15,2,10000,6.40,7.68,5.95,8.69,6.4,6.47
4,eps,svd,2,1,4977,1.98,2.15,2.01,0.91,1.95,2.05
4,eps,svd,2,2,10000,3.61,4.00,3.73,0.91,3.66,3.66
4,eps,svd,5,1,4977,4.33,4.75,4.71,3.59,4.7,4.75
4,eps,svd,5,2,10000,5.65,6.21,5.14,3.51,5.47,5.75
4,eps,truth,4,1,4977,3.74,3.93,3.89,3.87,3.82,3.95
4,eps,truth,4,2,10000,5.06,5.25,4.5,3.84,4.75,5.04
6,dist,cbow_nb,10,1,4999,8.90,10.05,8.84,8.78,8.82,8.94
6,dist,cbow_nb,10,2,10000,13.24,14.47,12.93,15.52,12.38,13.11
6,dist,cbow_nb,15,1,4999,12.26,13.45,12.25,13.51,11.72,12.64
6,dist,cbow_nb,15,2,10000,16.48,17.24,13.35,19.48,13.18,15.25
6,dist,cbow_nb,2,1,4999,2.00,2.14,1.99,0.92,1.99,1.99
6,dist,cbow_nb,2,2,10000,3.26,3.43,3.74,1.96,3.59,3.7
6,dist,cbow_nb,5,1,4999,4.44,4.66,4.69,3.94,4.61,4.75
6,dist,cbow_nb,5,2,10000,7.71,8.00,7.58,7.79,6.78,8.09
6,dist,cbow_wap,10,1,4999,7.64,8.60,8.62,8.64,8.27,8.97
6,dist,cbow_wap,10,2,10000,12.66,13.65,11.93,15.2,11.92,12.06
6,dist,cbow_wap,15,1,4999,11.81,13.48,12.36,13.49,12.2,12.61
6,dist,cbow_wap,15,2,10000,15.85,18.48,13.15,18.64,13.55,14.36
6,dist,cbow_wap,2,1,4999,1.72,1.94,2.06,0.92,2.01,2.06
6,dist,cbow_wap,2,2,10000,2.23,2.47,3.02,1.96,2.55,3.05
6,dist,cbow_wap,5,1,4999,3.89,4.34,3.99,3.93,3.88,4.07
6,dist,cbow_wap,5,2,10000,7.11,7.58,7.2,7.72,6.86,7.45
6,dist,svd,10,1,4999,6.75,7.19,8.59,6.81,7.85,9.12
6,dist,svd,10,2,10000,9.09,9.48,7.95,9.09,5.91,9.52
6,dist,svd,15,1,4999,7.90,8.43,10.66,7.62,8.73,11.67
6,dist,svd,15,2,10000,,,7.72,10.3,5.82,10.3
6,dist,svd,2,1,4999,1.94,2.12,1.98,0.92,1.97,1.98
6,dist,svd,2,2,10000,3.61,3.92,3.75,1.94,3.74,4.02
6,dist,svd,5,1,4999,4.30,4.62,4.74,3.77,4.61,5.02
6,dist,svd,5,2,10000,7.07,7.33,6.94,6.61,6.19,8.0
6,dist,truth,6,1,4999,5.15,5.92,5.56,5.72,5.42,5.63
6,dist,truth,6,2,10000,9.77,10.18,9.59,11.08,8.78,9.91
6,eps,cbow_nb,10,1,4999,5.32,6.64,5.84,6.19,5.72,5.77
6,eps,cbow_nb,10,2,10000,6.50,8.75,5.88,6.11,6.06,6.39
6,eps,cbow_nb,15,1,4999,5.39,6.55,5.91,6.49,5.78,5.95
6,eps,cbow_nb,15,2,10000,7.15,8.93,5.86,6.41,6.19,6.33
6,eps,cbow_nb,2,1,4999,1.84,2.02,1.97,1.69,1.96,2.02
6,eps,cbow_nb,2,2,10000,2.82,3.22,3.5,1.68,3.26,3.69
6,eps,cbow_nb,5,1,4999,4.18,4.34,4.29,3.93,4.07,4.51
6,eps,cbow_nb,5,2,10000,6.02,6.46,5.53,3.92,5.62,5.69
6,eps,cbow_wap,10,1,4999,5.50,5.98,5.99,6.86,5.87,6.09
6,eps,cbow_wap,10,2,10000,6.54,7.90,5.92,6.64,6.31,6.43
6,eps,cbow_wap,15,1,4999,5.66,6.78,6.35,7.63,6.36,6.42
6,eps,cbow_wap,15,2,10000,7.03,8.18,6.14,7.86,6.32,6.45
6,eps,cbow_wap,2,1,4999,1.59,1.85,2.05,0.92,2.02,2.06
6,eps,cbow_wap,2,2,10000,2.34,2.73,3.14,0.92,2.87,3.02
6,eps,cbow_wap,5,1,4999,3.97,4.32,4.01,3.96,3.95,4.04
6,eps,cbow_wap,5,2,10000,6.07,6.49,5.53,3.94,5.52,5.86
6,eps,svd,10,1,4999,7.93,8.41,8.42,6.91,8.21,8.76
6,eps,svd,10,2,10000,6.51,8.50,6.58,11.01,6.06,7.88
6,eps,svd,15,1,4999,,,9.76,8.15,9.28,10.0
6,eps,svd,15,2,10000,7.75,8.85,6.48,11.86,5.75,8.37
6,eps,svd,2,1,4999,2.07,2.17,2.03,1.9,1.91,2.14
6,eps,svd,2,2,10000,3.03,4.01,3.66,1.94,3.43,3.46
6,eps,svd,5,1,4999,4.92,5.06,4.93,4.44,4.89,5.01
6,eps,svd,5,2,10000,6.11,7.16,6.34,7.32,6.23,6.93
6,eps,truth,6,1,4999,5.15,5.92,5.56,5.72,5.42,5.63
6,eps,truth,6,2,10000,6.94,7.46,5.93,5.58,6.42,6.44
2,dist,bert_full,256,1,4581,12.11,13.38,13.31,24.33,13.05,13.48
2,dist,bert_full,256,2,10000,11.67,12.17,13.36,16.94,11.82,11.89
2,dist,bert_pca,10,1,4581,3.94,4.13,3.00,6.79,2.77,3.49
2,dist,bert_pca,10,2,10000,7.51,10.40,6.84,11.21,6.58,7.14
2,dist,bert_pca,15,1,4581,4.09,4.18,2.75,8.09,2.53,3.32
2,dist,bert_pca,15,2,10000,8.38,12.08,7.31,12.48,6.97,7.68
2,dist,bert_pca,2,1,4581,1.97,2.14,1.97,1.95,1.97,1.99
2,dist,bert_pca,2,2,10000,3.93,4.17,3.81,3.76,3.63,3.83
2,dist,bert_pca,5,1,4581,3.69,4.04,3.62,4.33,3.53,3.77
2,dist,bert_pca,5,2,10000,6.57,7.79,6.06,8.00,5.95,6.16
2,eps,bert_full,256,1,4575,9.06,10.75,21.16,21.54,20.56,21.81
2,eps,bert_full,256,2,10000,6.00,6.49,11.21,11.07,7.65,7.82
2,eps,bert_pca,10,1,4575,4.10,4.13,4.13,7.74,4.21,4.21
2,eps,bert_pca,10,2,10000,4.14,4.61,3.81,7.15,3.71,3.96
2,eps,bert_pca,15,1,4575,,,4.46,8.02,4.41,4.56
2,eps,bert_pca,15,2,10000,3.79,4.00,4.00,7.30,3.89,4.09
2,eps,bert_pca,2,1,4575,2.00,2.10,1.99,1.96,1.90,2.08
2,eps,bert_pca,2,2,10000,3.63,3.97,3.44,1.96,3.46,3.49
2,eps,bert_pca,5,1,4575,4.06,4.58,4.51,4.90,4.40,4.59
2,eps,bert_pca,5,2,10000,4.91,5.87,3.74,4.84,3.91,4.06
3,dist,bert_full,256,1,4755,69.26,81.74,74.25,41.46,56.76,79.40
3,dist,bert_full,256,2,10000,,,26.98,52.22,11.75,12.57
3,dist,bert_pca,10,1,4755,8.87,10.75,9.69,9.96,9.55,9.71
3,dist,bert_pca,10,2,10000,15.06,16.59,12.98,16.14,12.91,13.91
3,dist,bert_pca,15,1,4755,12.38,14.58,14.00,15.09,13.46,14.36
3,dist,bert_pca,15,2,10000,17.69,19.51,13.46,19.92,14.79,14.87
3,dist,bert_pca,2,1,4755,1.98,2.16,2.00,1.97,1.96,2.05
3,dist,bert_pca,2,2,10000,4.00,4.26,3.80,3.99,3.86,3.88
3,dist,bert_pca,5,1,4755,5.02,5.79,5.17,5.00,5.07,5.22
3,dist,bert_pca,5,2,10000,9.62,11.45,8.77,9.87,8.93,8.94
3,eps,bert_full,256,1,4755,19.60,26.39,29.13,52.34,29.30,29.90
3,eps,bert_full,256,2,10000,,,14.34,21.84,9.04,9.06
3,eps,bert_pca,10,1,4755,5.78,6.81,6.76,7.84,6.78,6.98
3,eps,bert_pca,10,2,10000,5.75,6.65,5.44,8.44,5.71,5.90
3,eps,bert_pca,15,1,4755,6.51,7.50,7.98,9.58,8.04,8.16
3,eps,bert_pca,15,2,10000,6.00,6.43,5.99,10.16,6.18,6.36
3,eps,bert_pca,2,1,4755,2.00,2.13,2.02,1.96,1.95,2.05
3,eps,bert_pca,2,2,10000,3.85,4.40,3.68,1.96,3.37,3.91
3,eps,bert_pca,5,1,4755,4.43,4.93,4.83,4.88,4.78,4.85
3,eps,bert_pca,5,2,10000,5.61,6.32,5.00,4.81,5.48,5.50
4,dist,bert_full,256,1,4979,70.07,87.80,78.18,,74.21,78.06
4,dist,bert_full,256,2,10000,,,26.08,54.56,10.88,12.37
4,dist,bert_pca,10,1,4979,9.85,10.76,10.04,10.04,9.94,10.03
4,dist,bert_pca,10,2,10000,13.53,16.17,13.29,16.07,12.36,14.03
4,dist,bert_pca,15,1,4979,13.08,15.44,13.77,15.08,13.47,13.97
4,dist,bert_pca,15,2,10000,16.64,18.76,13.41,19.40,14.10,14.64
4,dist,bert_pca,2,1,4979,1.97,2.16,1.98,1.97,1.97,2.00
4,dist,bert_pca,2,2,10000,4.02,4.35,3.89,3.99,3.98,3.99
4,dist,bert_pca,5,1,4979,5.20,5.60,5.08,5.00,4.80,5.30
4,dist,bert_pca,5,2,10000,8.83,10.46,8.76,9.84,8.33,8.76
4,eps,bert_full,256,1,4977,27.42,33.24,35.62,28.49,35.06,36.90
4,eps,bert_full,256,2,10000,,,14.56,9.38,9.26,9.96
4,eps,bert_pca,10,1,4977,5.30,6.18,7.14,7.01,6.93,7.28
4,eps,bert_pca,10,2,10000,6.34,6.64,5.89,6.43,6.19,6.36
4,eps,bert_pca,15,1,4977,5.99,7.18,8.94,8.38,9.02,9.23
4,eps,bert_pca,15,2,10000,6.81,7.14,6.41,7.24,6.52,6.74
4,eps,bert_pca,2,1,4977,2.04,2.07,2.07,1.96,1.97,2.15
4,eps,bert_pca,2,2,10000,3.75,4.07,3.64,1.96,3.71,3.82
4,eps,bert_pca,5,1,4977,4.18,4.46,4.45,4.78,4.39,4.55
4,eps,bert_pca,5,2,10000,5.65,6.07,5.15,4.72,4.99,5.51
6,dist,bert_full,256,1,4999,69.48,84.70,77.26,,74.08,76.28
6,dist,bert_full,256,2,10000,,,26.46,54.87,10.86,12.03
6,dist,bert_pca,10,1,4999,9.09,10.87,9.97,10.03,9.43,10.37
6,dist,bert_pca,10,2,10000,14.38,15.43,13.00,16.34,13.31,13.86
6,dist,bert_pca,15,1,4999,12.19,15.01,13.59,15.06,13.54,13.94
6,dist,bert_pca,15,2,10000,16.97,18.65,13.49,19.79,13.81,16.05
6,dist,bert_pca,2,1,4999,1.99,2.13,2.00,1.97,1.93,2.06
6,dist,bert_pca,2,2,10000,3.99,4.80,3.86,3.99,3.82,3.89
6,dist,bert_pca,5,1,4999,4.87,5.37,5.01,5.00,4.80,5.23
6,dist,bert_pca,5,2,10000,9.11,10.04,8.93,9.88,8.39,9.14
6,eps,bert_full,256,1,4999,26.66,32.50,37.53,11.60,37.57,37.97
6,eps,bert_full,256,2,10000,,,12.85,8.76,9.62,9.75
6,eps,bert_pca,10,1,4999,5.39,5.97,6.67,6.78,6.53,6.86
6,eps,bert_pca,10,2,10000,7.23,7.68,6.24,7.24,6.69,6.83
6,eps,bert_pca,15,1,4999,6.00,6.56,7.85,7.60,7.79,8.13
6,eps,bert_pca,15,2,10000,7.49,8.07,6.64,7.68,6.91,7.33
6,eps,bert_pca,2,1,4999,2.02,2.16,2.09,1.90,2.05,2.07
6,eps,bert_pca,2,2,10000,3.87,4.30,3.64,1.89,3.59,3.64
6,eps,bert_pca,5,1,4999,4.33,4.79,4.74,4.51,4.67,4.80
6,eps,bert_pca,5,2,10000,6.53,7.07,5.75,4.46,5.72,6.37
