layer,n,words,rep_utt,trigram_rep,ttr,empty_utt
L01,1200,282.0,0.086,0.643,0.140,0.135
L02,1200,291.7,0.087,0.685,0.130,0.073
L03,1200,185.9,0.052,0.438,0.205,0.363
L04,1200,83.0,0.129,0.412,0.185,0.544
L05,1200,160.7,0.073,0.599,0.103,0.461
L06,1200,153.5,0.075,0.440,0.123,0.471
L07,1200,142.2,0.047,0.394,0.128,0.532
L08,1200,98.6,0.052,0.334,0.150,0.618
L09,1200,213.4,0.138,0.536,0.178,0.256
L10,1200,322.6,0.067,0.568,0.141,0.023
L11,1200,347.6,0.142,0.636,0.131,0.004
L12,1200,461.2,0.000,0.380,0.232,0.000
L13,1200,420.3,0.000,0.160,0.252,0.000
L14,1200,328.4,0.000,0.010,0.382,0.000
L15,1200,382.6,0.000,0.117,0.356,0.000
L16,1200,401.8,0.000,0.060,0.309,0.000
L17,1200,207.1,0.000,0.017,0.333,0.000
L18,1200,304.9,0.000,0.056,0.253,0.000
L19,1200,350.5,0.000,0.030,0.381,0.000
L20,1200,348.1,0.000,0.079,0.322,0.000
L21,1200,379.6,0.000,0.023,0.440,0.000
L22,1200,374.9,0.000,0.054,0.391,0.000
L23,1200,438.6,0.000,0.288,0.218,0.000
L24,1200,357.5,0.000,0.079,0.370,0.000
L25,1200,418.7,0.000,0.203,0.276,0.000
L26,1200,411.5,0.000,0.092,0.343,0.002
L27,1200,343.2,0.000,0.085,0.358,0.068
L28,1200,282.1,0.005,0.139,0.372,0.022
L29,1200,305.6,0.000,0.067,0.424,0.000
L30,1200,300.4,0.000,0.036,0.472,0.000
