config,ngram,d,variant,N,min_d_mean,max_d_mean,paper_min,paper_max
n1_d5_all,1,5,all,17900,2.199,3.458,4.65,5.52
n1_d5_distinct,1,5,distinct,10377,3.722,3.982,4.65,5.52
n1_d10_all,1,10,all,17900,2.397,3.747,7.14,8.20
n1_d10_distinct,1,10,distinct,10378,5.371,6.129,7.14,8.20
n1_d15_all,1,15,all,17900,3.303,4.788,9.81,12.78
n1_d15_distinct,1,15,distinct,10378,6.209,7.165,9.81,12.78
n2_d5_all,2,5,all,152568,3.489,3.934,5.11,7.79
n2_d5_distinct,2,5,distinct,151412,3.628,3.885,5.11,7.79
n2_d10_all,2,10,all,152568,4.473,5.138,6.48,8.52
n2_d10_distinct,2,10,distinct,151413,4.703,5.178,6.48,8.52
n2_d15_all,2,15,all,152568,4.983,5.734,8.26,10.70
n2_d15_distinct,2,15,distinct,151413,5.265,5.771,8.26,10.70
